,bikeName,transName,short
0,1023. 한국종합기술사옥 앞,삼성엔지니어링,0.039743
1,1024.  강동구청 앞,강동구청,0.098585
2,1025. 상일초등학교,상일초교,0.123597
3,1026. 대명초교 입구 교차로,한영중고한영외고,0.131614
4,1027. 프라자 아파트 앞,길동LG자이아파트,0.020425
5,1028. 포레스 주상복합 빌딩,성내주유소,0.060533000000000003
6,1029. 롯데 시네마,천호사거리.천호역6번출구,0.127997
7,1030. 미호 플랜트 앞,채선당앞,0.020279
8,1031. 암사동 CBIS,고덕주유소.선사초등학교,0.05795
9,1032. 선사고등학교,강일중선사고.양지종합시장,0.228739
10,1033. 고덕동 아남아파트,아남.대우아파트,0.03168
11,1034. 고덕동 래미안 힐스테이트,묘곡초교사거리,0.297713
12,1035. 고덕역 4번출구,고덕역,0.016972
13,1036. 고덕동 주양쇼핑,강동아트센터.강동경희대병원,0.25141399999999997
14,1037. 강일 6단지,강일리버파크8단지,0.032063999999999995
15,1038. 강일 다솜 어린이 공원,강일리버파크3단지.1단지,0.061636
16,1039. 고덕초등학교,고덕초등학교,0.219737
17,1041. 묘곡초등학교,고덕아이파크아파트,0.046907
18,1042. 강일 2.5단지 사이,강동중학교.2단지,0.031027
19,1044. 굽은다리역,굽은다리역구민회관.강동홈플러스,0.011068000000000001
20,1047. 건강보험 강동지사kt,예닮요양병원,0.176421
21,1048. 동부기업(둔촌동),보훈병원,0.118528
22,1049. 강일동 10단지 아파트,강일리버파크9단지후문,0.058004999999999994
23,1050.  둔촌역 3번 출입구,둔촌동역,0.046314999999999995
24,1051. 양지시장 (용성약국앞) 입구,강일중선사고.양지종합시장,0.015609
25,1052. 리싸이클시티,고덕평생학습관.온조대왕체육관,0.137986
26,1053. 동명근린공원 진입로 (아리수로),고덕중학교,0.28436
27,1054. 말우물 어린이 공원,해뜨는주유소,0.127681
28,1056. 강일리엔파크 7~11단지,강일리버파크8단지,0.12507000000000001
29,1057. 능골근린공원,고덕리엔파크2단지,0.122553
30,1058. 고덕숲 아이파크 1,고덕주공4단지,0.019727
31,1059. 레미안 강동팰리스(102동),강동역1번출구.동신중학교,0.228135
32,1060. 천일초교 사거리,천일초교사거리,0.029695999999999997
33,1061. 천호초교 입구 사거리(일주빌딩),암사시장,0.06301699999999999
34,1062. 고덕숲 아이파크 2,강동고등학교,0.150812
35,3539. 서원마을,서원마을,0.03141
36,1001. 광진교 남단 사거리(디지털프라자앞),서울현대요양병원,0.030962
37,1002. 해공공원(천호동),천호동공원,0.07616
38,1003. 해공도서관앞,서울현대요양병원,0.124196
39,1004. 삼성광나루아파트 버스정류장,삼성광나루아파트.암사동유적,0.005598
40,1006. 롯데캐슬 115동앞,서울시동부기술교육원,0.056708
41,1007.암사동 선사유적지,서울암사동유적,0.020887
42,1008. 암사역 3번출구(국민은행앞),암사역2번출구.암사종합시장,0.033828
43,1009. 천호역4번출구(현대백화점),천호,0.063707
44,1010. 강동세무서,길동사거리,0.049970999999999995
45,1011. LIGA 아파트 앞,길동사거리.강동세무서,0.067821
46,1012. 서울 상운차량,천호역,0.00702
47,1013. 강동구청역 1번 출입구,강동구청,0.060530999999999995
48,1014. 강동구평생학습관앞,성덕고등학교,0.060404
49,1015. 샛마을 근린공원,명일1동주민센터,0.061888
50,1016. 해뜨는 주유소옆 리엔파크 109동앞,고덕리엔파크2단지,0.040062
51,1017. 맥도날드(길동),길동우성아파트.은평교회맞은편,0.100214
52,1018. 둔촌 주공 GS 맞은편,둔촌종합상가,0.010506999999999999
53,1019. 다성이즈빌아파트(호원대 대각선 맞은편),한양수자인아파트,0.136713
54,1020. 강동경찰서,강동보건소,0.118272
55,1021. 강일동 리슈빌 빌딩앞,강동공영차고지,0.029776999999999998
56,1022. 길동 사거리(초소앞),길동사거리,0.041510000000000005
57,1336. 성북3교 위,삼선동주민센터,0.034829
58,1337. 돈암성당 옆,성북구청,0.062878
59,1338. 용문2교 옆,안암동주민센터,0.141203
60,1339. 삼성전자서비스 성북센터,숭곡초교입구,0.132219
61,1342. 성북쉼터 앞,성북초교,0.051922
62,1343. 한성대7번출구 앞,삼선교,0.010395
63,1344. 아리랑시네센터 앞,아리랑고개.아리랑시네미디어센터,0.020355
64,1346. 길음8골어린이공원 옆,현대아파트앞,0.0074329999999999995
65,1347. 길음래미안아파트817동 상가 앞,래미안609동앞,0.069595
66,1348. 성북제일새마을금고 본점 앞,길음시장입구,0.013516
67,1349. 월계2교 버스정류장 앞,월계2교,0.006019
68,1351. 안암2교 옆,대광초교,0.079083
69,1352. e 편한세상 보문아파트 내,보문,0.254979
70,1353. 금호어울림센터힐 내,길음역,0.13203
71,1354. 고려대학교 2번출구,종암로한진택배,0.195509
72,1355. 보문2교,보문2교,0.043993
73,1357. 북한산보국문역,북한산보국문역1번출구,0.017366
74,1358. 정릉도서관 앞,정릉2동주민센터,0.0482
75,1359. 장위뉴타운 꿈에 숲 코오롱 하늘채 앞,북서울꿈의숲,0.002194
76,1360. 정릉역,정릉입구,0.011461
77,1361. 홍익중고 입구,홍익대부속중고등학교입구,0.070694
78,1362. 보문역6번출구 앞,보문,0.033381
79,1363. 보문4교 인근,브라운호텔,0.167284
80,1364. 성북동 치안센터 앞,성북동주민센터.동구마케팅고,0.061839
81,1365. 선잠단지 앞,성북초교,0.056276
82,1366. 일신초등학교 옆,월곡래미안루나밸리,0.07448400000000001
83,1367. 길음문화복합미디어센터,길음시장앞,0.028998000000000003
84,1368. 성신여대입구 교차로,성신여대정문앞,0.085586
85,1369. 미아사거리,현대백화점,0.10930699999999999
86,1370. 복자사랑 피정의 집,성북구립미술관.쌍다리앞,0.109556
87,1372. KEB은행 고대점,고대사거리,0.063375
88,1373. 성북구보건소 건너편,성북구보건소,0.040163
89,1375. 생명의 전화 종합복지관 앞 교차로,생명의전화,0.034027999999999996
90,1376. 한국과학기술연구원 중문,월곡2SH빌아파트,0.150007
91,1377. 한국과학기술연구원 북문,한국과학기술연구원입구,0.026059
92,1302. 한성대입구역6번출구 뒤,한성대입구,0.03486
93,1303. 돈암초교 입구,돈암초등학교,0.019651
94,1304. 만해공원,서울다원학교,0.054567
95,1305. 성북구청,성북구청.성북경찰서,0.10672899999999999
96,1306. 한성대입구역2번출구,삼선교역2번출구,0.012171
97,1308. 안암로터리 버스정류장 앞,안암오거리,0.003385
98,1313. 정릉교회 앞,숭덕초교,0.045208
99,1314. 정릉꿈에그린1단지 201동 앞,아리랑시장,0.017044999999999998
100,1315. 고려사대부속중고 정문,북악중학교,0.053076
101,1316. 고려사대부속중고 건너편 ,북악중학교,0.015087
102,1318. 길음역 3번출구 뒤,길음,0.042718
103,1319. 종암사거리 분수대,KT월곡지사,0.08190399999999999
104,1320. LG베스트샵 종암점,종암동주민센터,0.041178
105,1321. 국민은행 종암동지점 앞,하이마트,0.103493
106,1322. 래미안라센트아파트 103동 앞,신종월교,0.18334
107,1323. 월곡역 입구 육교 밑,월곡래미안루나밸리,0.101977
108,1325. 상월곡역 4번출구,월곡중학교,0.048393
109,1326. 상월곡역 1번출구,월곡중학교,0.05039
110,1327. 상월곡역 3번출구,월곡중학교,0.106342
111,1328. 월곡역 3번출구,월곡역,0.059998
112,1332. 석계역 5번출구 건너편,석계역,0.061644000000000004
113,1333. 석관초등학교 앞,돌곶이역,0.152839
114,1334. 석관동주민센터 앞,석관1동주민센터,0.0017579999999999998
115,1526. 수유동 채선당앞,강북종합시장,0.093514
116,1527. 미아역 1번 출구 뒤,미아역1번출구,0.02882
117,1528. 삼각산동 주민센터,삼성래미안아파트,0.067812
118,1529. 미아동 한국전력공사,한국전력공사,0.043567
119,1530. 광산사거리,광산사거리,0.037729
120,1531. 미아사거리 1번 출구,미아사거리역.롯데백화점,0.013822999999999998
121,1532. 번3동 주민센터 교차로,번동주공1단지,0.075891
122,"1533. 번동 주공3, 4단지 교차로",번동주공아파트3단지4단지,0.013463
123,1534. 북서울 꿈의 숲 동문,북서울꿈의숲,0.024644
124,1535. 효성인텔리안 앞,수유동약국,0.067717
125,1536. 번동 두산위브 101동 옆,수송초등학교,0.09010599999999999
126,1537. 북한산 우이역,우이동,0.02877
127,1538. 솔밭공원역,솔밭공원,0.012709999999999999
128,1539. 4.19민주묘지역,419민주묘지,0.027506
129,1540. 가오리역,가오리수유종합사회복지관,0.006518
130,1541. 삼양역,삼양,0.07095499999999999
131,1542. 삼양사거리역,삼양사거리,0.010678
132,1543. 수유1동 주민센터,수유1동주민센터.파출소,0.019207
133,1545. 솔샘역 2번 출구,삼양동벽산라이브파크미양초등학교,0.078199
134,1546. 송천동우체국,미아사거리역,0.008740000000000001
135,1547. 꿈의숲 롯데캐슬,꿈의숲롯데캐슬아파트,0.043768
136,1548. 북서울 꿈의숲 서문,북서울꿈의숲,0.0038280000000000002
137,"1501. 미아역 3번,4번 출구 사이",미아역3번출구,0.06260399999999999
138,1503. 이디야 커피 수유역점 앞,수유역.노스페이스문화센터,0.033578
139,1504. 다이소 삼양시장점,삼양오거리,0.072925
140,1506. 강북문화예술회관,강북구의회.강북문화예술회관,0.06644299999999999
141,1509. 서울북부수도사업소,북부수도사업소,0.017523
142,1510. 번동주공5단지 관리사무소 앞,북부수도사업소,0.073148
143,1511. 번동 금호어울림아파트102동앞,금호.현대아파트,0.075894
144,1512. 강북중학교 앞,쌍문교,0.202093
145,1513. 강북구청 뒷편,강북구청,0.104877
146,1514. 강북구청 사거리 버스정류소 앞,강북구청사거리,0.004232
147,1515. 송천동 주민센터,성암국제무역고등학교,0.091738
148,1516. 우이초등학교 후문 옆,우이초등학교후문,0.18601900000000002
149,1518. SK telecom(수유직영점) 앞,가오리수유종합사회복지관,0.136664
150,1519. 세븐일레븐 수유장미원점 앞,인수동장미원,0.047024
151,1520. 성실교회,수유중앙시장,0.055591999999999996
152,1522. 월드전기조명인테리어(우이동),서라벌중학교.우이동대우아파트,0.016416
153,1525. 미아동 복합청사,미아역3번출구,0.076126
154,1713. 쌍문동 청소년 랜드,쌍문초등학교,0.036767
155,1714. 도봉문화정보도서관 삼거리,도봉문화정보도서관,0.069102
156,1715. 서울특별시교육청도봉도서관,서라벌중학교.우이동대우아파트,0.20846900000000002
157,1716. 하나로마트 창동점,창동농협물류센터,0.045785
158,1717. 시립창동운동장 입구,창동하나로마트,0.031416
159,1719. 신도봉사거리 버스정류장,신도봉사거리,0.01381
160,1720. 도봉구청 옆(중랑천변),도봉구청,0.14871900000000002
161,1721. 창동역 2번출구 ,창동,0.06690499999999999
162,1722. 창동청소년수련관,자운고등학교앞,0.10345599999999999
163,1723. 방학동학마을도서관,대원그린아파트.도봉실버센터,0.05349400000000001
164,1725. 창1동주민센터,창1동주민센터,0.094626
165,1726. 삼익세라믹아파트교차로,시립도봉노인종합복지관,0.060848
166,1727. 서울도봉초등학교인근,도봉초등학교,0.031191000000000003
167,1728. 서울북부지방법원,서울북부지방법원.검찰청.도봉역성황당,0.110029
168,1729. 파리바게트앞,도봉한신아파트,0.014384000000000001
169,1730. 도봉산역 교차로 앞,도봉산역,0.111746
170,1731. 도봉고등학교 맞은편,도봉고등학교,0.110524
171,1732. 우리은행 앞,방학,0.11290599999999999
172,1733. 방학사거리 (봄마당 앞),방학사거리,0.085744
173,1734. 쌍문현대1차아파트 108동 앞,국민은행쌍문동지점,0.026802
174,"1735. 도봉역 1,2번 출구사이 건너편",도봉,0.07309600000000001
175,1736. 버스정류장 앞,함석헌기념관.정의여중고,0.042454
176,1737. 하나은행 (창동점),KEB.하나은행.창동.지점,0.056322000000000004
177,1738. 창동주공17단지 상가앞,창동주공18단지,0.087767
178,1741. 제일강산수산입구,우이1교앞,0.0309
179,1742. 북한산 코오롱 하늘채,환승장.기숙사,0.008543
180,1702. 녹천역 1번출구 앞,녹천북부역,0.065661
181,1703. 도봉산광역환승센터앞 ,도봉산역,0.061861
182,1705. 도봉구청 정문앞,도봉구청,0.030731
183,1706. 기업은행 앞,도봉소방서.방학남부역,0.033574
184,1707. 도봉구민회관,도봉구민회관,0.031889999999999995
185,1708. 보건소사거리(다비치안경창동점),도봉보건소,0.062371
186,1709. 쌍문역4번출구 주변,소피아호텔,0.116875
187,200. 국회의원회관,국회의사당역,0.307713
188,2063. 대방역 4번출구,대방,0.053035
189,227. 양평2나들목 보행통로 입구,한솔아파트,0.090097
190,228. 선유도역 3번출구 앞,당산초등학교,0.034738
191,229. 양평1 보행육교 앞,선유도역.롯데홈쇼핑,0.171715
192,230. 영등포구청역 1번출구,영등포구청,0.043992
193,231. 남부고용노동지청 남측,노동부남부지청.영등포세무서,0.016893000000000002
194,232. 양평우림 이비즈센타 앞,영은교회,0.047037999999999996
195,233. YP 센터 앞,코스트코,0.013529
196,234. 영등포구민체육센터 앞,신길5동주민센터,0.034374
197,235. 신길동 우리은행 옆,사러가쇼핑센타,0.06942899999999999
198,236. 문래동자이아파트 앞,문래자이아파트상가,0.031807
199,238. 제2구민체육센타 앞,서울시립청소년성문화센터,0.142439
200,239. 유스호스텔 앞,서울시립청소년성문화센터,0.115573
201,240. 문래역 4번출구 앞,양화중학교.홈플러스,0.07521900000000001
202,241. 신길우성1차아파트 앞 공원,성원아파트입구,0.059023
203,242. 신길선원가와인아파트 앞,우신사거리,0.019056
204,243. 이앤씨드림타워 앞,당중초등학교,0.036026
205,244. 영등포삼환아파트 앞,영등포농협당산역지점,0.098077
206,245. 삼성생명 당산사옥 앞,당산유원제일1차아파트,0.059736000000000004
207,247. 당산역 10번출구 앞,삼성래미안4차아파트북문,0.068324
208,248. 초원아파트 앞,여의도순복음교회,0.068387
209,249. 여의도중학교 옆,여의도중학교,0.07191399999999999
210,250. 대림아파트 사거리,오거리,0.175327
211,251. 서울지방병무청 버스정류장,서울지방병무청,0.011217
212,252. 보라매역4번출구,보라매역,0.020856
213,253. 신풍역 5번출구 인근,신풍역.백악관웨딩문화원앞,0.032035
214,254. 도림신협 앞,대영중고,0.068773
215,255. 도림4거리,건영아파트농협,0.053725
216,256. 동아에코빌입구,도림고가.동아에코빌,0.08262
217,257. 신길삼거리(우리은행),신길새마을금고,0.029907
218,258. 신길역3번출구,신길역,0.09399199999999999
219,259. 대방역6번출구,대방역,0.016969
220,260. 여의도 마리나선착장 앞,당산중학교.소방회관,0.510254
221,262. 영문초등학교 사거리,영문초등학교,0.115902
222,263. 근로자회관 사거리,동양볼링장,0.046073
223,264. 교보생명보험 앞,양남동로타리,0.025407
224,265. 영등포유통상가 사거리,당산동진로아파트,0.036849
225,266. 영등포청과시장 사거리,당산신동아파밀리에,0.050817
226,267. 삼성화재 사옥 옆,당산소방서,0.146143
227,268. 그랜드컨벤션센터 앞,당산역,0.053579999999999996
228,270. 증권거래소후문교차로,한국거래소.구증권선물거래소,0.111704
229,271. 샛강생태공원방문자센터 앞,여의도메리어트호텔,0.322208
230,272. 당산육갑문,당산역,0.12395999999999999
231,274. 영등포역지하쇼핑센타 5번출구,영등포역,0.013397
232,275. 신동아아파트,신동아아파트.관악고교,0.052724
233,276. SK 영등포주유소,신길역,0.199517
234,277. 영등포뉴타운지하상가 2번게이트,영등포시장,0.135811
235,278. 쌍용플레티넘오피스텔,코오롱아파트,0.044746
236,279. 영등포 푸르지오 아파트,영등포푸르지오후문,0.094835
237,280. 양평동6차현대아파트 앞,선유중학교,0.009041
238,282. 신한은행,서울영림초등학교,0.044636
239,283. 아크로타워 스퀘어(영등포시장),영등포시장,0.184632
240,284. 센트럴 푸르지오 시티 앞,CM충무병원,0.045166000000000005
241,285. 대림3동사거리(하나은행),정현부페,0.069654
242,286. 우성아파트 교차로,우성2차아파트,0.082874
243,287. 영등포전화국사거리 (서강어린이공원),신화병원,0.098485
244,288. 쌍용예가(구청별관),코스트코,0.155433
245,289. 대림3동사거리,정현부페,0.029924
246,290. 당산동 SK V1 빌딩,현대3차유원아파트,0.066288
247,291. 문래동 하이테크 시티,남부지방법원등기국.구로세무서(에이스하이테크시티),0.079378
248,292. 영일 어린이공원,영등포동.영등포푸르지오아파트,0.072074
249,293. 충북 미래관,영등포동작선관위.산업인력공단,0.054016999999999996
250,201. 진미파라곤 앞,켄싱턴호텔.여의도,0.11505
251,202. 국민일보 앞,여의도순복음교회,0.136748
252,203. 국회의사당역 3번출구 옆,국회의사당역.국민은행,0.050918
253,204. 국회의사당역 5번출구 옆,국회의사당역,0.032391
254,205. 산업은행 앞,산업은행본점,0.191455
255,206. KBS 앞,KBS,0.019242
256,207. 여의나루역 1번출구 앞,여의나루역,0.044714
257,209. 유진투자증권빌딩 앞,유진투자증권.파이낸셜뉴스신문,0.023584
258,210. IFC몰,여의도환승센터,0.076667
259,211. 여의도역 4번출구 옆,여의도,0.077771
260,212. 여의도역 1번출구 옆,여의도,0.0707
261,213. KT앞,전경련회관,0.006423999999999999
262,214. 금융감독원 앞,여의도공원,0.08228200000000001
263,215. 여의도고교 앞,여의도중학교,0.093216
264,216. 삼부아파트1동 앞,여의도수정아파트,0.234902
265,217. NH농협은행 앞,농협재단.KDB대우증권,0.005741
266,218. 증권거래소 앞,여의도수정아파트,0.150701
267,219. 롯데캐슬엠파이어 옆,여의도역,0.096006
268,220. 미성아파트 A동 앞,지적공사.여의도자이,0.060451
269,221. 여의도초교 앞,여의도중학교,0.25262399999999996
270,222. 시범아파트버스정류장 옆,63빌딩.가톨릭대학교여의도성모병원,0.021744
271,223. 진주아파트상가 앞,진주아파트,0.076079
272,224. 롯데캐슬 앞,한양아파트,0.091786
273,225. 앙카라공원 앞,샛강,0.074202
274,226. 샛강역 1번출구 앞,샛강,0.054501
275,2159. 인헌초교,낙성대현대아파트,0.02508
276,2160. 관악구 보건소,관악구청,0.042029000000000004
277,2164. 관악우체국,관악우체국(양지병원),0.026306
278,2165. JK장평타워,서울미술고.인헌중고,0.017023
279,2167. 낙성대역 1번출구,낙성대역,0.009495
280,2169. 봉천역 2번출구,봉천,0.028557
281,2170. 조원동서울본병원,금천경찰서.신림푸르지오아파트,0.072585
282,2171. 서울대입구역 5번출구,서울대학교입구전철역,0.051099
283,2172. 나들목공원,신림중.삼성고.관악문화관도서관,0.089153
284,2173. 당곡사거리,롯데백화점관악점,0.049503
285,2174. 삼성디지털프라자관악점,당곡사거리,0.031206
286,2175. 신림동걷고싶은문화의거리입구,패션문화의거리입구,0.078512
287,2176. 보라매공원 보도육교,우방아파트,0.092292
288,2177. 신대방역 2번 출구,신대방역,0.033382
289,2178. 서울대학교 정문,서울대학교,0.0071200000000000005
290,2179. 양녕로 입구,KT관악지점,0.087677
291,2180. 신림동주민센터,패션문화의거리입구,0.144896
292,2183. 동방1교,삼성동시장입구,0.062822
293,2184. 구암초등학교 버스정류장,은천동벽산블루밍아파트105동,0.014603
294,2102. 봉림교 교통섬,봉림교,0.076415
295,2103. 신림동 우방아파트,우방아파트,0.006523
296,2104. 사당역 5번출구,사당,0.058103999999999996
297,2105. 미성동 신림체육센터,신림체육센터,0.008813
298,2106. 난곡 새마을금고,세이브마트앞,0.025648
299,2107. 도림천 신화교,서림동주민센터.신화단지,0.009285999999999999
300,2108. 은천치안센터,봉천역6번출구,0.025256
301,2109. 은천로입구 가로공원,은천교,0.0012369999999999998
302,2110. 조원동 미성아파트,구로디지털단지역,0.090263
303,2111. 서울대입구역 1번출구,서울대입구,0.066065
304,2112. 서울대입구역 마에스트로,서울대입구역5번출구,0.045783
305,2113. 관악동작견인차량보관소,구로디지털단지역,0.019094999999999997
306,2115. 관악농협농산물백화점,KT구로지사,0.20635599999999998
307,2116. 에이스에이존빌딩,서울대입구역5번출구,0.018466
308,2119. 중앙동 동진빌딩,봉원중학교.행운동우성아파트,0.07207899999999999
309,2122. 낙성대로 입구,낙성대입구,0.042033
310,2127. 보성운수차고지 맞은편,신림복지관앞,0.030463
311,2128. 관악구청교차로,관악구청,0.052374000000000004
312,2129. 낙성대 과학전시관,서울과학전시관,0.039094
313,2130. 영어마을 관악캠프,낙성대공원.영어마을,0.028232
314,2135. 신림역 5번출구,신림역4번출구,0.056415
315,2136. 신림역 8번출구,신림역,0.027505
316,2137. KT&G 관악지점,KT&G관악지점,0.054383
317,2139. 서울신성초등학교,신성초등학교,0.027017000000000003
318,2140. 신림1교 교차로,서원동문화교앞,0.052457000000000004
319,2141. 미림여고입구 교차로,삼성동시장입구,0.051782
320,2143. 서울산업정보학교,서울산업정보학교.삼성교,0.020328
321,2144. 난우길입구,신림고등학교,0.05984400000000001
322,2145. 은천초등학교 육교,은천초등학교,0.052244000000000006
323,2148. 낙성대역 3번출구 뒤,낙성대,0.028597000000000004
324,2156. 농협 관악문성지점,천주교성령봉사회관.등불교회,0.120979
325,2157. 난곡 사거리,난곡입구,0.034614
326,2293. SPC 앞,양재역4번출구,0.032638
327,2361. 압구정역 교차로,압구정,0.030969999999999998
328,2362. 신사동 가로수길 입구,신사사거리.가로수길,0.032746
329,2363. 강남 을지병원 교차로,강남을지병원,0.126195
330,2364. 도산대로 렉서스 앞,신사동교회,0.127505
331,2365. K+ 타워 앞,씨네시티.앞,0.06922
332,2368. 도곡동 경남아파트 건너편,경남아파트,0.04067
333,2369. KT선릉타워,선릉역,0.146349
334,2370. 한티역 3번출구,한티역.서울지방고용노동청강남지청,0.01807
335,2371. 한국우편사업진흥원,임페리얼팰리스호텔.워터게이트빌딩,0.062279999999999995
336,2372. 대치역 사거리,대치,0.018579
337,2373. 개포동역 사거리,개포동역,0.037156
338,2375. 수서역 1번출구 앞,수서역KT수서지점,0.029305
339,2376. 수서역 6번출구 앞,수서역KT수서지점,0.049503
340,2377. 수서역 5번출구 뒤,수서역5번출구.이마트앞,0.016457
341,2380. 삼성동베이직하우스앞,강남교육청,0.170478
342,2381. 언주역 6번출구앞,차병원,0.03193
343,2382. 역삼동 sk뷰 501동앞,노블치과.누네안과병원,0.046825
344,2383. 보금자리정원,세곡푸르지오,0.059565999999999994
345,2384. 자곡사거리,래미안포레아파트,0.089357
346,2385. 학동역,논현동사거리.학동역,0.041826
347,2387. 래미안강남힐즈 사거리,래미안강남힐즈,0.061235000000000005
348,2388. 강남구 도시관리공단,상아아파트.강남구도시관리공단,0.117996
349,2389. 경기여자고등학교 후문 (삼성로3길 입구),경기여고,0.041069
350,2390. 구룡마을 입구 (래미안블레스티지 아파트),개포중학교,0.087937
351,2391. 구룡마을 입구(개포1단지아파트),개포주공1단지,0.140344
352,2392. 구룡산 입구 (구룡산 서울둘레길 입구),도곡교회.인바디빌딩,0.016159
353,2393. 구룡사 앞 교차로 (보도육교),능인선원앞,0.08157
354,2395. 개포1단지아파트 입구 (보도육교),개포시영아파트,0.039948000000000004
355,2396. 영동3교 북단(우성캐릭터 앞 보도),우성캐릭터빌아파트,0.142493
356,2398. 더라움,스포월드.라움아트센터,0.055498
357,2401. 밀알학교 입구 (삼성서울병원 입구),삼성서울병원정문건너편,0.013262999999999999
358,2403. 공무원연금매점 교차로 (개포주공9단지 입구),연금매점,0.027882
359,2404. 대모산입구역 4번 출구 앞,대모산입구,0.062071
360,2405. 청담공원앞 교차로,진흥아파트,0.127118
361,2406. 논현동 광명빌딩 앞,신사사거리.가로수길,0.130554
362,2407. 역삼.서초.삼성 세무서 앞 (역삼빌딩 앞),강남역,0.011424
363,2408. 강남한양수자인아파트,강남한양수자인아파트,0.055930999999999995
364,2409. 역삼동 디오슈페리움 (우성아파트 사거리),역삼초등학교,0.016926
365,2410. 포스코피앤에스타워 (역삼역 3번출구 부근),역삼역.포스코P&S타워,0.004521
366,2411. 세곡동 성당,세곡2지구3.4단지,0.44146199999999997
367,2412. 일원1동 주민센터,일원1동주민센터,0.030091000000000003
368,2301. 현대고등학교 건너편,신사중학교,0.08819099999999999
369,2302. 교보타워 버스정류장(신논현역 3번출구 후면),교보타워,0.02469
370,2303. 논현역 7번출구,논현,0.047376999999999996
371,2304. 신영 ROYAL PALACE 앞,임피리얼팰리스호텔워터게이트,0.12823299999999999
372,2305. MCM 본사 직영점 앞,제일은행.호림아트센터앞,0.110797
373,2306. 압구정역 2번 출구 옆,압구정,0.023299
374,2307. 압구정 한양 3차 아파트,한양아파트.압구정로데오역,0.09789400000000001
375,2308. 압구정파출소 앞,압구정파출소,0.073681
376,2309. 청담역(우리들병원 앞),청담천주교회,0.14857
377,2310. 청담동 맥도날드 옆(위치),일지아트홀.압구정동노인복지센터,0.09153
378,2311. 학동로 래미안 아파트 앞,청담동래미안아파트,0.024899
379,2312. 청담역 13번 출구 앞,청담역.경기고교,0.023005
380,2313. 금원빌딩 앞,프리마호텔,0.117174
381,2314. 청담나들목입구,청담역.경기고교,0.358464
382,2315. 봉은사역 5번출구 옆,봉은사,0.077336
383,2316. 삼성역 8번출구,삼성역,0.03196
384,2317. 삼성도로공원,노블발렌티웨딩홀,0.149063
385,2318. 삼성중앙역4번출구(문화센터더 리빌),삼성중앙,0.166902
386,2319. 포스코4거리 서측(수협 삼성동 지점),포스코사거리,0.045897
387,2320. 도곡역 대치지구대 방향,도곡역,0.054777
388,2321. 학여울역 사거리,학여울역,0.083347
389,2322. 삼성역 3번 출구,삼성역,0.052422
390,2323. 주식회사 오뚜기 정문 앞,새마을운동중앙회,0.036453
391,2324. 천주교 대치 2동 교회 옆,대치2동주민센터.우래옥앞,0.160273
392,2325. 대치동 버거킹대치점,삼성아파트입구,0.054487
393,2326. 대치동 삼성로,대치동현대아파트,0.08959600000000001
394,2327. 뱅뱅사거리 랜드마크타워 앞,우성아파트,0.07292799999999999
395,2328. 르네상스 호텔 사거리 역삼지하보도 7번출구 앞,벨레상스서울(호텔아르누보역삼.신라스테이역삼호텔),0.035072000000000006
396,2329. 르네상스호텔사거리 역삼지하보도 2번출구,한국자산신탁.르네상스호텔,0.10474100000000001
397,2330. 스타벅스 앞,역삼럭키아파트.역삼월드메르디앙아파트,0.076653
398,2331. 동영문화센터앞,동영문화센터,0.015892
399,2332. 선릉역3번출구,선릉,0.032961000000000004
400,2333. 양재역 3번출구 주변,양재역,0.124402
401,2334. 8.삼호@ 2동 ( 간선도로),강남세브란스병원,0.040007
402,2335. 3호선 매봉역 3번출구앞,매봉,0.01999
403,2336. 강남세브란스교차로  래미안그레이튼 104동 앞,역삼중학교.강남세브란스병원,0.056792999999999996
404,2337. 대모산입구역 2번출구 앞,개원중학교,0.02598
405,2339. 현대아파트 정문 앞,현대아파트경남아파트,0.098941
406,2340. 삼호물산버스정류장(23370) 옆,포이사거리삼호물산,0.080226
407,2341. 일원역 4~5번 출구 사이,일원본동주민센터,0.025794
408,2342. 대청역 1번출구  뒤,대청,0.05474
409,2343. 세곡사거리 대왕파출소 앞,대왕파출소,0.012764
410,2344. 리엔파크 2단지 앞,세곡리엔파크,0.076013
411,2347. 두산건설 본사,서울세관,0.14710499999999999
412,2348. 포스코사거리(기업은행),포스코사거리,0.060348
413,2349. 역삼빌딩 앞(하나은행 옆),아가방빌딩.하나은행,0.005841
414,2350. 래미안그레이튼102동앞,역삼중학교.강남세브란스병원,0.022053
415,2351. 청소년수련관(수영장)앞,시립수서청소년수련관,0.007295
416,2352. 서울본부세관(건설회관 앞),서울세관,0.031736
417,2353. 강남구청역 2번출구 뒤,강남구청역,0.025425
418,2354. 청담역 2번출구,청담역.경기고교,0.01969
419,2355. 삼성역 5~6번 출구 사이,한국무역센터.삼성역,0.07370499999999999
420,2356. 강남구청,강남구청.강남세무서,0.04532
421,2357. 르네상스호텔사거리 역삼지하보도 3번출구 앞 (더 오번 빌딩 명동칼국수 앞),벨레상스서울(호텔아르누보역삼.신라스테이역삼호텔),0.14699500000000001
422,2358. 구룡초사거리 (현대아파트10동 앞 ),하나은행사거리,0.064386
423,"2359. 국립국악중,고교 정문 맞은편",국악중고교,0.026737
424,2360. 도곡1동 주민센터 교차로,도곡1차IPARK.모커리한방병원,0.035095999999999995
425,301. 경복궁역 7번출구 앞,서울지방경찰청.경복궁역,0.006215999999999999
426,302. 경복궁역 4번출구 뒤,경복궁,0.051123
427,303. 광화문역 1번출구 앞,세종문화회관,0.175663
428,304. 광화문역 2번출구 앞,광화문한국통신.KT,0.032799
429,305. 종로구청 옆,KT광화문지사,0.093542
430,306. 광화문역 7번출구 앞,광화문,0.031938999999999995
431,307. 서울역사박물관 앞,서울역사박물관.경교장.강북삼성병원,0.013322
432,308. 광화문 S타워 앞,광화문,0.040695999999999996
433,309. 광화문역 6번출구 옆,광화문,0.008001000000000001
434,314. 국립현대미술관,정독도서관,0.07906
435,315. 신한은행 안국역지점 옆,안국역.종로경찰서.인사동,0.089183
436,316. 종각역 1번출구 앞,종로1가,0.039773
437,326. 안국역 5번출구 앞,안국역.종로경찰서.인사동,0.056010000000000004
438,327. 낙원상가 옆,낙원상가,0.038733
439,328. 탑골공원 앞,금강제화,0.068411
440,329. 청계2가 사거리 옆,종로2가.삼일교,0.035901999999999996
441,334. 종로3가역 2번출구 뒤,종로3가.1.3.5호선,0.06286900000000001
442,335. 종로3가역 15번출구 앞,종로3가,0.025604000000000002
443,337. 창경궁 입구,창경궁.서울대학교병원,0.024028
444,338. 세운스퀘어 앞,종로4가,0.063294
445,339. 종로4가 사거리,종로5가.광장시장,0.067602
446,340. 혜화동 로터리,혜화동로타리,0.015584
447,341. 혜화역 3번출구 뒤,혜화역3번출구,0.041106000000000004
448,342. 대학로 마로니에공원,방송통신대앞,0.129705
449,343. 예일빌딩(율곡로) 앞,충신시장,0.062846
450,344. 성균관대 E하우스 앞,충신동,0.039091
451,345. 서울보증보험본사 앞,종로5가.효제초등학교,0.13530999999999999
452,348. 독립문역 사거리,교남동주민센터,0.045821
453,349. 사직동주민센터,사직동주민센터,0.030357
454,351. 청운초교 앞 삼거리,경복고교,0.037699
455,352. 중앙고입구 삼거리,사우디대사관,0.049657
456,353. 재동초교 앞 삼거리,아름다운가게.정독도서관,0.054657000000000004
457,354. 포르투갈 대사관 앞,볼링장,0.089127
458,355. 서울사대부속초교 앞,이화사거리,0.039647
459,356. KT혜화지사 앞,이화사거리,0.022296
460,358. 성대입구 사거리,명륜3가.성대입구,0.025638
461,359. 원남동사거리,원남로터리,0.024645
462,361. 동묘앞역 1번출구 뒤,동묘앞,0.082375
463,362. 청계8가 사거리,청계8가.황학교,0.012634999999999999
464,363. 신설동역 11번출구 뒤,신설동로타리,0.019353
465,364. 창신역 1번출구 앞,창신,0.038883999999999995
466,367. 독립문역 3-1번출구 ,독립문역,0.088938
467,368. SK 서린빌딩 앞,무교동,0.023757
468,369. 광화문 시민열린마당,경복궁,0.02373
469,385. 종각역 5번출구,종각,0.043002
470,386. 올림픽기념 국민생활관 앞,국민생활관,0.061952999999999994
471,388. 동성중학교 앞,혜화동로터리,0.057375999999999996
472,393. 동대문역 8번 출구,청계6가.버들다리,0.120604
473,394. 경희궁 자이 3단지,적십자병원후문앞,0.061267999999999996
474,395. 경희궁 자이 2단지,경희궁자이2.3단지,0.044148
475,397. 종묘공영주차장 건너편,종로4가,0.022618
476,452. 동대문 종합시장 버스정류장,종로6가.동대문종합시장,0.089038
477,453. 종로오가 지하쇼핑센터 14번출구,종로5가역,0.077222
478,454. 종로2가 버스정류장 (종각방향),종로2가,0.016323
479,455. 삼익한의원,동대문종합시장,0.024944
480,456. 숭인2동 주민센터 입구 (이강3대냉면),동묘앞,0.028813
481,457. 종로꽃시장 입구 옆,동대문종합시장,0.09586499999999999
482,458. 광화문역 5번출구,광화문,0.057284
483,461. 서울지방경찰청,서울지방경찰청.경복궁역,0.171896
484,462. 신영동삼거리(북악터널방향),세검초등학교,0.09664299999999999
485,446. 상명대입구,상명대입구,0.048592
486,447. 신영동삼거리,세검초등학교,0.049431
487,449. 일성아파트,일성아파트,0.013149000000000001
488,450. 효자동 삼거리,효자동,0.179527
489,451. 청와대앞길,삼청동주민센터,0.21453000000000003
490,3511. 응봉역 1번출구,광희중학교.응봉역,0.07347200000000001
491,3513. 상왕십리역 1번출구,상왕십리,0.031579
492,3514. 왕십리교회옆,왕십리교회,0.006569
493,3515. 서울숲 관리사무소,뚝섬서울숲남문,0.07292799999999999
494,3519. 용답역 1번 출구,용답,0.085986
495,3522. 사근삼거리,사근동하이츠아파트앞,0.015908000000000002
496,3525. 금호스포츠센터앞,GS주유소,0.077926
497,3530. 왕십리자이아파트 후문(삼거리),왕십리자이.신당현대아파트,0.230408
498,3531. 논골사거리(금호도서관 입구),논골.남광빌딩,0.050352
499,3532. 왕십리KCC스위첸아파트,왕십리자이.신당현대아파트,0.240679
500,3538. 서울숲 IT캐슬,성동교남단,0.08251599999999999
501,506. 금호 어울림 아파트 앞,제인병원,0.078658
502,507. 성수아이에스비즈타워 앞,제인병원,0.11931300000000002
503,508. 성수아카데미타워 앞,성수역3번출구,0.140293
504,509. 이마트 버스정류소 옆,성원중성수동이마트앞,0.0835
505,510. 서울숲 남문 버스정류소 옆,뚝도아리수정수센터수도박물관,0.026525
506,511. 서울숲역 4번 출구 옆,성동구민체육센터,0.062852
507,512. 뚝섬역 1번 출구 옆,뚝섬역8번출구,0.117665
508,513. 뚝섬역 5번 출구 정류소 옆,성수동SK아파트형공장앞,0.059664999999999996
509,514. 성수사거리 버스정류장 앞,성수사거리,0.070864
510,518. 청계천 박물관 앞,성동구도시관리공단.서울시시설관리공단,0.137239
511,519. 양지사거리,텐즈힐아파트101동.115동,0.047018
512,520. 상왕십리역 4번 출구 앞,상왕십리역,0.098484
513,521. 왕십리역 11번 출구 앞,왕십리역,0.073003
514,522. 금호역 1번출구 앞,금호역,0.024083
515,523. 옥수동성당 옆,옥수동주민센터.옥수동성당,0.007311
516,524. 래미안금호하이리버 아파트 102동 옆,삼성래미안2차아파트,0.032167
517,525. 한양대병원사거리,한양대앞,0.07934400000000001
518,526. 용답토속공원 앞,서울교통공사.서울새활용플라자,0.16306099999999998
519,529. 장한평역 8번 출구 앞,장한평,0.085428
520,530. 청계벽산아파트 앞,청계벽산아파트.텐즈힐아파트,0.002873
521,533. 우리은행 금호동 지점 앞,우리은행.백범학원터,0.011419
522,534. 금호사거리,금호사거리,0.040346
523,535. 응봉삼거리,응봉주민센터,0.0016870000000000001
524,536. 행당역 2번출구 앞,행당,0.023445
525,537. 한양대후문역 부근,한양대부속고등학교,0.021711
526,538. 답십리역 8번출구 앞,답십리,0.169623
527,550. 서울시설공단 앞,성동구도시관리공단.서울시시설관리공단,0.10816500000000001
528,556. 달맞이공원,옥수역2번출구,0.24788600000000002
529,557. 도선동 주민센터 앞,왕십리도선동주민센터,0.020766
530,558. 성동광진 교육지원청 앞,성동구청,0.072652
531,559. 왕십리역 4번 출구 건너편,왕십리광장.왕십리역7번출구,0.013869
532,560. 비전교회 앞,송정동서울숲아이파크,0.090666
533,561. 서울숲역 2번출구 앞,서울숲,0.01329
534,562. 군자지하보도 앞,군자교남단,0.209432
535,563. 성동세무서 건너편,성동세무서앞,0.030661
536,564. 금호역 3번출구,금호,0.029004000000000002
537,565. 옥수역 3번출구,옥수역,0.044203
538,567. 성수역 2번출구 앞,성수역3번출구,0.07172200000000001
539,568. 청계8가사거리 부근,황학교.텐즈힐몰,0.116629
540,569. 응봉현대아파트 정류소,응봉동현대아파트,0.017580000000000002
541,578. 성동세무서 부근,성동세무서,0.018536
542,579. 마장역 4번출구,성동노인종합복지관,0.035939
543,580. 신금호역 3번출구 뒤,신금호,0.012312
544,581. 용답초등학교,서울교통공사.서울새활용플라자,0.26301599999999997
545,582. 경일중학교 앞,경동초등학교입구,0.026329
546,583. 청계천 생태교실 앞,마장2교사거리,0.1161
547,585. 성수2가1동 공영주차장 인근,뚝도시장구길,0.046808999999999996
548,586. 마장동 주민센터,마장동주민센타,0.133704
549,587. 유니베라 앞,성수역,0.087451
550,589. 성수역3번출구,성수역3번출구,0.046225999999999996
551,594. 중랑물재생센터(서울새활용플라자),서울교통공사.서울새활용플라자,0.408937
552,700. KB국민은행 염창역 지점 앞,목2동주민센터,0.118525
553,701. 목동사거리 부근,목동사거리,0.052447
554,702. 목4동주민센터 옆,금호어울림.대원칸타빌아파트,0.151098
555,703. 오목교역 7번출구 앞,오목교역,0.029536
556,704. 남부법원검찰청 교차로,진명여고,0.07813099999999999
557,706. 신정네거리역,신정사거리,0.021102000000000003
558,707. 신정3동주민센터,남명초교.신정3동주민센터,0.008926
559,708. 서울출입국관리사무소 앞,목동중학교,0.050323
560,709. 신정3동 현장민원실 앞,서부트럭터미널.신정동일하이빌아파트,0.101216
561,710. 서부화물트럭터미널 사거리,서부트럭터미널.신정동일하이빌아파트,0.034378
562,711. 신일해피트리아파트 앞,신정1동주민센터,0.47476499999999994
563,712. 강월초교입구 사거리,강월초교입구사거리,0.052953
564,713. 양서중학교 옆,양서중학교,0.037645
565,714. 한국SGI 양천문화회관 앞,양서중학교,0.05670700000000001
566,716.신정6동 주민센터 인근,양천문화회관,0.162658
567,719. 홍익병원앞 교차로,목동사거리,0.021185
568,720. 서울강월초등학교 앞,신월시영아파트.강월초등학교,0.045986
569,729. 서부식자재마트 건너편,은정초등학교,0.035526999999999996
570,731. 서울시 도로환경관리센터,목동야구장.청소년회관.행복한세상,0.08227899999999999
571,732. 신월동 이마트,신월5동주민센터.신월중학교,0.06831799999999999
572,733. 신정이펜하우스314동,신정이펜하우스2단지,0.06224299999999999
573,734. 신트리공원 입구,양명초교.신서중,0.050312
574,735. 영도초등학교,신목중학교,0.079474
575,736. 오솔길공원,과학수사연구소입구,0.019673
576,737. 장수공원,신정네거리역,0.125539
577,739. 신월사거리,메디힐병원,0.087879
578,740. 으뜸공원,가로공원공영주차장.신영시장,0.10151
579,741. 화곡로 입구 교차로,신월중학교입구,0.055018
580,742. 등촌역 5번 출구 뒤,등촌,0.0988
581,743. 현대6차아파트 101동 옆,트럭터미널주유소앞,0.060974
582,744. 신목동역 2번 출구,신목동역2번출구,0.018011000000000003
583,745. 강서초등학교,한빛종합사회복지관,0.127477
584,746. 목동2단지 상가,목동2단지,0.008215
585,747. 목동3단지 상가,목동3단지,0.020312
586,748. 목동운동장,양천우체국.목동운동장북문,0.301622
587,749. 이대 목동병원 앞,이대목동병원,0.051174000000000004
588,750. 연의근린공원 건너편,푸른마을1단지앞,0.058910000000000004
589,752. 성원2차 아파트,목동성원아파트,0.016858
590,754. 목동1단지아파트 118동 앞 (월촌초등학교 정류소 옆),월촌초등학교,0.035039
591,755. 목동1단지아파트 상가 앞 (월촌중학교 버스정류소 옆),목동1단지,0.011955
592,756. 목동주차장,목동운동장남문.야구장.아이스링크,0.13466199999999998
593,757. 신정이펜하우스 1단지아파트 입구 사거리,이펜하우스1단지.어르신요양센터,0.098492
594,758. 한사랑교회 앞,신트리공원,0.116302
595,759. 보아스아파트 앞,국립과학수사연구소,0.203649
596,760. 잣절보도육교 아래,신정학마을아파트,0.072888
597,762. 오목로 무중력지대 앞,오목교역.동신한방병원,0.017668
598,763. 목동11단지 아파트,양천노인종합복지관,0.037808999999999995
599,764. 목동청소년수련관,목동야구장.청소년회관.행복한세상,0.109866
600,765. 오목교역 3번출구,오목교,0.040853
601,766. 신목동역 3번출구,신목동,0.018104
602,722. LG전자베스트샵 신정점 ,경서농협,0.096335
603,723. SBS방송국,목1동주민센터,0.102103
604,724. 계남공원 입구 주출입구 좌측,계남초등학교,0.089452
605,725. 양강중학교앞 교차로,양강중학교,0.041315
606,726. 목동3단지 시내버스정류장,목동3단지,0.028488999999999997
607,900. 은평예술회관,은평문화예술회관,0.034069
608,901. 응암1동사무소,서대문세무서별관,0.038281
609,902. 진관동 은빛초등학교,지축교앞,0.193145
610,903. 은평뉴타운 아이파크,아이파크701동앞,0.065102
611,904. 은평뉴타운 푸르지오,푸르지오621동앞,0.028821
612,905. 구파발역 2번출구,구파발역.롯데몰,0.037587999999999996
613,906. 연신내역 5번출구150M 아래,연신내역.로데오거리,0.077144
614,907. CJ 드림시티,이마트.은평점,0.13075699999999998
615,934. 신사동 성당,신사동고개,0.074938
616,937. 상림마을 롯데캐슬2단지 옆,진관중고교약수사입구,0.019226
617,938. 금암 문화공원,지축교앞,0.066712
618,939. 은평구청 교차로,서대문세무서별관,0.086202
619,941. 은평뉴타운 도서관,푸르지오530동앞,0.113652
620,942. 상림마을 생태공원,생태공원앞,0.006171
621,943. 은평구청 보건소,은평문화예술회관,0.169727
622,945. 기자촌 사거리,기자촌사거리,0.03508
623,946. 독바위역 ,독바위,0.013113999999999999
624,947. 연신내 선일하이츠빌 정류소,선일하이츠빌라,0.0063549999999999995
625,948. 디지털미디어 시티역 4번출구,디지털미디어시티역,0.15093800000000002
626,949. 연신내역 1번 출구 ,연서시장,0.000811
627,950. 구산역 2번 출구 ,구산전철역,0.030721
628,951. 연신내역 6번출구옆,연신내역.연서시장,0.030142000000000002
629,952. 서울연신중학교,불광지구대,0.14186500000000002
630,953. 서울연신초등학교,연신초등학교,0.017668
631,954. 은평뉴타운구파발9단지,롯데캐슬823동앞,0.064381
632,956. 응암시장교차로,응암시장,0.017253
633,958. 신한은행 응암동 지점 앞,서부병원,0.070809
634,959. 구파발10단지 인근,은평뉴타운10단지,0.078325
635,960. 구파발역 환승센터,구파발역2번출구,0.16978800000000002
636,961. 불광역 9번 출구,불광역9번출구.불광초등학교,0.036336
637,962. 은평뉴타운 힐데스하임,구파발역.롯데몰,0.27314099999999997
638,963. 대호프라자아파트,불광대호아파트,0.024596
639,964. 북한산힐스테이트 7차아파트,동명여고.천주교불광동성당,0.07152599999999999
640,965. 서울특별시 은평병원,시립은평병원,0.004391
641,966. 서울혁신파크1,불광역.불광1동주민센터,0.190795
642,967. 서울혁신파크2,불광역.불광1동주민센터,0.023559
643,968. 은평뉴타운 상림마을 13단지,생태공원앞,0.219304
644,969. 은평 지웰테라스,생태공원앞,0.23568699999999998
645,971. 역촌 센트레빌 아파트,라이프씨티아파트후문.광성교회,0.038949
646,972. 수색역,수색역앞,0.122393
647,908. 구산역 4번출구,대조동주민센터,0.111149
648,909. 백련산 힐스테이트 3차,충암고교앞.대주피오레아파트,0.0049
649,911. 은평평화공원(역촌역4번출구),역촌,0.051455999999999995
650,912. 응암오거리,국민은행,0.029835000000000004
651,913. 이마트 은평점,서부경찰서후문,0.111626
652,914. 새절역 2번출구,새절,0.039005
653,915. 증산역 4번출구,증산,0.060307000000000006
654,917. 녹번역 4번출구,녹번전철역,0.039021
655,919. 서울혁신파크,질병관리본부,0.06564400000000001
656,921. 신도고등학교,박석고개.신도고등학교,0.032300999999999996
657,922. 연신내역 4번출구,연신내역,0.039102
658,923. 국민은행 연서지점,종로약국,0.10862000000000001
659,924. 메뚜기다리,은평경찰서,0.060098
660,925. 불광역 2번출구,불광역3호선.서울혁신파크,0.035884
661,926. 불광역 8번출구,불광역9번출구.불광초등학교,0.050792000000000004
662,927. 연신내역 3번출구 인근,연신내역,0.044794
663,928. 은평역사한옥박물관,하나고.삼천사.진관사입구,0.050200999999999996
664,930. 구 서부경찰서 건너편,서부경찰서후문,0.005877
665,931. 역촌파출소,역촌상가앞,0.132795
666,932. 예일여중,구산역2번출구.예일여고,0.045092
667,933. LG서비스 역촌점,역촌중앙시장,0.049282
668,916. 평생학습관 앞,삼성아파트정문,0.084619
669,101. (구)합정동 주민센터,새서울의원,0.21478
670,102. 망원역 1번출구 앞,망원전철역,0.057811
671,108. 서교동 사거리,우리은행서교동지점,0.093445
672,109. 제일빌딩 앞,로데오거리,0.035056
673,111. 상수역 2번출구 앞,상수역,0.033154
674,112. 극동방송국 앞,극동방송,0.02504
675,113. 홍대입구역 2번출구 앞,홍대입구역,0.021781
676,114. 홍대입구역 8번출구 앞,홍대입구역,0.048552
677,118. 광흥창역 2번출구 앞,광흥창,0.036855
678,119. 서강나루 공원,서강수협.신수중학교,0.118207
679,120. 신수동 사거리,신수중학교,0.12218
680,121. 마포소방서 앞,신수경남아파트,0.047578
681,122. 신성기사식당 앞,마포세무서,0.061192
682,124. 서강대 정문 건너편,서강대학교,0.08155
683,125. 서강대 남문 옆,광성중고등학교,0.034129
684,126. 서강대 후문 옆,서강대학교후문,0.012767
685,127. 현대벤처빌 앞,신촌로터리,0.027976
686,129. 신촌역(2호선) 6번출구 옆,용약국,0.098676
687,130. 신촌역(2호선) 7번출구 앞,신촌전철역.그랜드마트,0.023928
688,136. 대흥동 주민센터,신촌오거리.2호선신촌역,0.190559
689,142. 아현역 4번출구 앞,아현전철역,0.006419
690,143. 공덕역 2번출구,공덕역2번출구,0.078537
691,144. 공덕역 8번출구,공덕역,0.014591
692,145. 공덕역 5번출구,공덕,0.026054
693,146. 마포역 2번출구 뒤,마포역,0.026345
694,147. 마포역 4번출구 뒤,마포,0.033552
695,148. 용강동 주민센터 앞,용강동주민센터,0.177692
696,150. 서강대역 2번출구 앞,기업은행.신촌연세병원,0.078929
697,151. 망원1동주민센터,망원1동주민센터,0.0477
698,152. 마포구민체육센터 앞,망원유수지.마포구민체육센터,0.052296
699,153. 성산2교 사거리,성모병원사거리,0.009645
700,155. 가좌역1 번출구 뒤,가좌역1번출구,0.075799
701,156. 서울서부지방법원 앞,마포경찰서,0.033349
702,157. 애오개역 4번출구 앞,애오개역,0.04711
703,181. 망원초록길 입구,망원오거리.부대앞,0.175058
704,182. 망원2빗물펌프장 앞,망원오거리.부대앞,0.146878
705,183. 하늘채코오롱아파트 건너편,경의선숲길공원입구,0.074559
706,184. SK망원동주유소 건너편,망원우체국,0.12346
707,185. 마포 신수공원 앞,신수현대아파트.래미안웰스트림,0.249321
708,186. 월드컵공원,마포농수산물시장.월드컵경기장,0.247883
709,199. 서울 월드컵 경기장,월드컵경기장남측.월드컵공원,0.026878
710,400. 상암한화오벨리스크 1차 앞,수색교,0.097732
711,427. 성산시영아파트,성산119안전센터,0.028338
712,432. 마포중앙도서관,마포중앙도서관,0.120974
713,436. 이대역 5번출구,이대,0.022203
714,437. 대흥역 1번출구,대흥역,0.031441
715,438. 성산2-1 공영주차장,성산동,0.007399
716,439. 마포어린이공원,강변한신코아,0.163384
717,440. 하늘공원 입구,노을공원입구(난지미술창작스튜디오),0.037411
718,103. 망원역 2번출구 앞,기업은행서교동지점(최규하대통령가옥),0.010512
719,104. 합정역 1번출구 앞,합정역,0.00567
720,105. 합정역 5번출구 앞,합정역,0.017792
721,106. 합정역 7번출구 앞,합정역,0.02544
722,107. 신한은행 서교동금융센터점 앞,신한은행서교동금융센터점,0.019098
723,401. 상암월드컵파크 10단지 앞,월드컵파크10단지,0.007446
724,402. 상암월드컵파크 9단지 앞,월드컵파크7단지,0.06326
725,403. 부엉이공원 앞,DMC첨단산업센터,0.005373
726,405. DMC빌 앞,스탠포드호텔,0.024624
727,406. 상암월드컵파크 7단지 앞,월드컵파크7단지,0.105055
728,407. 마포구 육아종합지원센터,상암고등학교,0.131655
729,408. LG CNS앞,상암월드컵파크5단지,0.011451
730,409. 누리꿈스퀘어 옆,누리꿈스퀘어.MBC,0.062098
731,410. 상암중학교 옆,월드컵파크4단지,0.034015
732,411. DMC홍보관,상암DMC홍보관.YTN,0.013208
733,412. DMC산학협력연구센터 앞,월드컵파크2단지.에스플렉스센터,0.059932
734,413. 상암월드컵파크 3단지 후문,월드컵파크3단지후문,0.026803
735,414. 상암동주민센터 옆,상암동주민센터앞,0.054899
736,415. DMC역 9번출구 앞,공항철도디지털미디어시티역,0.086659
737,416. 상암월드컵파크 1단지 교차로,상암휴먼시아아파트,0.095063
738,417. DMC역 2번출구 옆,디지털미디어시티역2번출구,0.023037
739,418. 월드컵경기장역 3번출구 옆,월드컵경기장,0.134941
740,419. 홈플러스 앞,월드컵경기장역,0.121237
741,420. 서울시 공공자전거 상암센터,월드컵경기장남측.월드컵공원,0.052753
742,421. 마포구청 앞,마포구청.마포구청역,0.027007
743,422. 문화비축기지,월드컵경기장서측.문화비축기지,0.066233
744,424. 롯데하이마트 (상암월드컵점) ,월드컵경기장북측,0.015544
745,425. DMC첨단산업센터,DMC첨단산업센터,0.084746
746,426. 서울신용보증재단,엘지빌딩,0.084026
747,154. 마포구청역 ,마포구청역입구,0.040373
748,110. 사천교,사천교,0.024383
749,115. 사루비아 빌딩 앞,동교동삼거리연희동방면,0.045584
750,116. 일진아이윌아파트 옆,연희동대우아파트,0.226721
751,117. 홍은사거리,유진상가,0.078031
752,123. 문화촌 공원,홍은사회복지관별관,0.052819
753,128. 신촌역(2호선) 1번출구 옆,신촌,0.06326
754,131. 증산2교,증산역,0.128184
755,133. 해담는다리,서부운수기점,0.119781
756,134. 연세로 명물길,연세로.명물거리,0.093809
757,135. 명물길 원형무대 앞,세브란스병원앞,0.115662
758,137. NH농협 신촌지점 앞,신촌자이엘라,0.042748
759,138. 신촌동 제1공영주차장 앞,연세대학교앞,0.078505
760,139. 연세대 정문 건너편,연세대학교앞,0.057529
761,140. 이화여대 후문,신촌(경의중앙선),0.142184
762,141. 연대 대운동장 옆,서대문우체국,0.086369
763,158. 독립문 어린이 공원,현대그린마트,0.040089
764,159. 이대역 4번 출구,이대전철역,0.014038
765,160. 북아현동 가구거리,아현전철역,0.146637
766,161. 무악재역1번 출구,무악재,0.031837
767,162. 봉원고가차도 밑,이대부고,0.053771
768,163. 명지전문대학교 정문 앞,명지전문대.충암중고등학교,0.119189
769,164. 북가좌1동 주민센터 ,북가좌한양아파트앞,0.251496
770,165. 중앙근린공원,북가좌삼호.가재울아이파크아파트,0.057506
771,166. 가재울 초등학교,남가좌동현대아파트후문,0.099814
772,167. 연가초등학교 옆,연가초교삼성아파트앞,0.040539
773,169. 북가좌 삼거리,DMC래미안e.편한세상요진아파트,0.21726
774,170. 가재울 뉴타운 주유소 옆,연가교,0.065435
775,171. 임광빌딩 앞,바비엥스위트,0.0069
776,173. 서대문역 8번출구 앞,서대문전철역,0.057325
777,175. 홍연2교옆,홍연2교두산아파트앞,0.039162
778,177. 북가좌 초등학교,북가좌초교사거리,0.089667
779,178. 증산3교 앞,증산종합시장.증산중학교입구,0.079465
780,179. 가좌역 4번출구 앞,모래내시장.가좌역,0.024169
781,180. 충정로역 7번출구 아래,충정로2호선전철역,0.018911
782,188. 홍은동 정원여중 입구,정원여중,0.019674
783,191. 정명학원,북가좌초교사거리,0.046322
784,192. 연서어린이공원,연가교,0.08638
785,194. 증산교 앞,증산교앞,0.180824
786,195. 모래내고가차도 ,사천교,0.03358
787,196. 연희교차로 인근,연희104고지앞.구성산회관,0.028043
788,198. 충정2교,충정로역5호선,0.051689
789,3100. 북성초교,웨딩타운,0.028577
790,3101. 서대문구청,서대문구청,0.015121
791,3102. 연희삼거리,연희3거리,0.012859
792,3103. 홍제삼거리 북측,홍제우체국,0.051867
793,3104. e편한세상 신촌4단지 앞,능안로입구,0.022641
794,3105. 홍은센트레빌 아파트 앞,홍은동동부센트레빌,0.064087
795,3106. 홍남교 두바퀴쉼터,홍남교자전거대여소앞,0.056859
796,3107. 연희초등학교 앞,연희삼거리,0.025767
797,176. 명지대학교 도서관,명지대,0.135379
798,1251. 석촌역 2번출구,석촌,0.087972
799,1253. 오금역 3번 출구 뒤,오금역,0.032288
800,1256. 문정현대아파트 교차로,문정1동주민센터.로데오거리,0.123209
801,1257. 가락시장역 롯데마트앞,가락동,0.03909
802,1258. 가락미륭아파트 앞,문정현대아파트,0.046526
803,1259. 방이역 1번출구,방이역,0.00021
804,1260. 방이동 한양3차아파트 옆,한양 삼익아파트,0.043755
805,1262. 송파여성문화회관 앞,송파여성문화회관,0.096712
806,1263. 장지공영차고지,서울버스종점,0.008233
807,1264. 천호역 10번 출구 앞,풍납토성,0.100719
808,1265. 문정동 근린공원,문정동제일은행앞,0.036419
809,1266. 문정동 글샘 공원,가든파이브공구상가,0.068084
810,1267. 올림픽공원 남2문 앞,올림픽공원남2문,0.096583
811,1268. 몽촌토성역 1번출구 옆,올림픽공원평화의문광장,0.031346
812,1269. 리센츠아파트 ,잠실리센츠아파트앞,0.009951
813,1271. 송파도서관,송파도서관,0.04075
814,1274. 영파여고 앞,영파여고.강동구청역,0.158851
815,1275. 거여초등학교 옆,오륜사거리,0.063599
816,1277. 오금동 송파 참병원,송파참병원,0.030522
817,1278. 송파구청 교차로,송파구청.방이맛골,0.195882
818,1279. 마천금호어울림 1차아파트 건너편,파크데일아파트입구,0.012104
819,1280. 송파파크데일 2단지입구 앞 주차장,송파보훈회관.금호어울림2차,0.223114
820,1282. 송파소방서 맞은편(성내4교),송파사회복지관,0.200367
821,1283. 오금공원 사거리,오금공원사거리,0.08874
822,1285. 위례별 유치원 뒤,송파와이즈더샵.엠코타운센트로엘,0.028038
823,1286. 위례중앙푸르지오 1단지 앞,송파꿈에그린아파트,0.063628
824,1287. 위례아이파크 101동 맞은편,송파한라비발디.송례중앞,0.104445
825,1288. 문정중교 사거리,문정중학교후문,0.058986
826,1289. 풍납동 자전거보관소,한강극동아파트,0.04149
827,1290. 위례송파꿈에그린아파트24단지 앞 성벽 다리 밑,위례포레샤인.송파꿈에그린서문,0.172085
828,1291. 서울체육고등학교 앞,서울체육중.고등학교,0.052222
829,1293. 석촌호교차로 (스타벅스 앞),석촌호수서호사거리,0.150949
830,1295. 잠실역 8번출구,잠실역.잠실대교.남단,0.073102
831,1296. 석촌호수교차로 (송파나루근린공원 앞),미켈란호수가아파트,0.060327
832,1297. 석촌호수교차로(동호 팔각정 앞),미켈란호수가아파트,0.142487
833,1299. 송파소방서 (방이119안전센터),보성중고등학교,0.287882
834,1300. 오륜사거리,오륜사거리,0.134222
835,2601. 석촌호수 서호사거리,석촌호수서호사거리,0.039852
836,2603. 송파 글마루 도서관,문현고등학교.송파파인타운5단지,0.078859
837,2604. 삼표레미콘 앞,한강극동아파트,0.048599
838,2605. 복정역 1번 출구 앞,복정역,0.112673
839,2606. 위례동주민센터 맞은편 근린공원,위례동주민센터.위례송파푸르지오,0.005787
840,2607. 복정역 2번출구 후문 (장지치안센터),복정역환승주차장,0.060974
841,2608. 송파구청,송파구청.방이맛골,0.079863
842,2609. 보성중고등학교 후문 앞,보성중고등학교,0.185162
843,2610. 여흥레이크빌 앞 (석촌호수 까페거리),호수임광아파트,0.037111
844,2611. 송파지역자활센터 뒤,풍납1동동아한가람아파트,0.163278
845,2612. 문정·가락 대여소 앞,문정2동주민센터.청소년수련관,0.326411
846,2613. 잠실나들목,잠실대교전망쉼터,0.521014
847,2614. 가락고등학교 앞,성지아파트,0.231387
848,2615. 테라타워2,문정로데오거리입구,0.05148
849,2616. 거여동 사거리,보인고교.오금동삼성아파트,0.158406
850,2617. 가락삼환아파트 앞,보인고교.오금동삼성아파트,0.033112
851,2618. 삼전역 1번출구,잠실현대아파트,0.113711
852,2619. 석촌고분역 4번출구,송파구민회관구의회,0.154524
853,2620. 송파나루역 4번 출구옆,방이동사거리,0.096038
854,2621. 한성백제역 2번 출구,올림픽공원평화의문광장,0.163692
855,2622. 올림픽공원역 3번출구,올림픽공원,0.030188
856,1201. 가락시장역 3번 출구,가락시장,0.077964
857,1203. 밀리아나2빌딩 앞,제일오피스텔,0.091704
858,1204. 거여역 3번출구,거여,0.057694
859,1205. 종합운동장역 4번출구,잠실종합운동장,0.09647
860,1206. 9호선종합운동장역 9번출구,잠실주공1단지,0.115688
861,1207. 마천CU우방점 앞,남천초교마천동우방아파트앞,0.053764
862,1208. 풍납현대아파트쉼터,현대아파트앞,0.108497
863,1209. 잠실나루역 (2번 출구 쪽),잠실나루,0.048022
864,1210. 롯데월드타워(잠실역2번출구 쪽),잠실역.롯데월드몰,0.06199
865,1211. 방이삼거리,호수임광아파트,0.094431
866,1212. 송파역 2번 출구앞,송파역,0.013777
867,1213. 백토공원 앞,오금동,0.110563
868,1214. 오금역 7번 출구 인근,오금,0.063104
869,1215. 올림픽공원역 1번출구 앞,올림픽공원역,0.027884
870,1217. 송파파인타운 7단지,문현고등학교.송파파인타운5단지,0.150041
871,1218. 방이역 4번출구,방이,0.028766
872,1220. 잠실본동주민센터뒤 잠실근린공원,잠실우성4차현대아파트,0.113874
873,1221. 삼전사거리 포스코더샵,잠실현대아파트,0.058642
874,1222. 잠실새내역 5번 출구 뒤,잠실새내역4번출구,0.080631
875,1224. 아시아지하보도 2번 출구,잠실주공1단지,0.046413
876,1226. 잠실4동 주민센터 옆,잠실4동주민센터.파크리오B상가,0.063035
877,1227. 거여역 8번출구 뒤,거여,0.0291
878,1228. 마천사거리 ,마천동사거리,0.113782
879,1229. 송파체육문화회관 앞,체육문화회관,0.025487
880,1230. 송파중학교 정문,가락2동극동아파트,0.07401
881,1231. 잠실역 6번출구,잠실역,0.039372
882,1232. 롯데마트 주차장 옆,잠실역,0.095819
883,1233. 잠실3거리(갤러리아팰리스),잠실트리지움,0.083684
884,1235. 잠실트리지움310동 옆,농협앞,0.137129
885,1239. 문정 법조단지3,송파푸르지오시티.한화오벨리스크,0.169979
886,1240. 문정 법조단지4,송파푸르지오시티.한화오벨리스크,0.121576
887,1241. 문정 법조단지5,송파푸르지오시티.한화오벨리스크,0.057135
888,1242. 문정 법조단지6,송파푸르지오시티.한화오벨리스크,0.151285
889,1243. 문정 법조단지7,문정,0.253603
890,1244. 문정 법조단지8,송파푸르지오시티.한화오벨리스크,0.179132
891,1245. 문정 법조단지9,장지역.가든파이브,0.050683
892,1246. 문정 법조단지10,송파구립산모건강증진센터,0.103997
893,1247. 문정 법조단지11,장지역가든파이브,0.1162
894,1248. 방이초등학교,올림픽공원남2문,0.010707
895,1249. 아주중학교건너편,아주중학교,0.049469
896,1250.문정2동 주민센터,문정2동주민센터.청소년수련관,0.16472
897,1442. (구)신한은행 중랑교지점,국민은행중화동지점,0.015969
898,1443. 구립망우청소년독서실,우림시장,0.032818
899,1444. 면목4치안센터,면목119안전센터,0.079426
900,1445. 용마지구대,면목신우아파트,0.036808
901,1446. 중랑전화국 교차로,KT중랑지점사거리,0.050007
902,1447. 면목역 3번출구,지하철7호선면목역,0.025786
903,1448. 코스트코 상봉점,망우역.상봉터미널,0.052949
904,1449. 상봉역 1번출구,상봉,0.074429
905,1450. 화랑대역 7번출구,지하철6호선화랑대역,0.057036
906,1451. 중랑세무서,서울우유앞,0.073302
907,1452. 겸재교 진입부,면목5동,0.073106
908,1453. 중랑캠핑숲,서울특별시북부병원,0.058935
909,1454. 한국전력공사(동대문 중랑지사),한국전력동부지사,0.042292
910,1455. 상봉역 2번 출구,상봉,0.076654
911,1456. 상아빌딩(우림시장 교차로),우림시장,0.076408
912,1457. 동원사거리,동원시장,0.07321
913,1458. 상봉터미널2,상봉터미널,0.097116
914,1459. 용마한신아파트사거리,용마산교차로,0.038498
915,1401. 극동늘푸른아파트,극동늘푸른아파트,0.005337
916,1402. 금란주차장 앞,금란교회앞,0.049939
917,1403. 중화빌딩 앞 (동부시장),중랑역.동부시장1,0.037314
918,1404. 동일로 지하차도,한샘교회,0.208722
919,1405. 망우역 1번출구,망우역,0.052043
920,1406. 망우청소년수련관,양원,0.049936
921,1407. 먹골역 1번출구 뒤,묵1동주민센터입구.먹골역,0.039495
922,1408. 먹골역 6번출구 앞,먹골,0.023843
923,1410. 면목 대원칸타빌아파트,면목동대원칸타빌아파트,0.029232
924,1411. 상봉시장앞 교차로 한성빌딩 앞,면목6거리,0.060361
925,1412. 면목초등학교,면목초등학교,0.043284
926,1413. 봉화산역 5번출구 뒤,봉화산,0.101226
927,1414. 사가정역 1번출구,지하철7호선사가정역,0.046809
928,1416. 상봉역 3번출구,지하철7호선상봉역,0.092555
929,1418. 새솔초등학교,새솔초등학교,0.045156
930,1420. 신내어울공원 앞,서울의료원후문,0.090422
931,1421. 신내역 4번출구,신내,0.049347
932,1422. 신내우디안아파트 1단지,우디안아파트114동앞,0.101323
933,1424. 양원역 2번출구,양원역,0.020755
934,1425. 용마문화복지센터,용마문화복지센터,0.109189
935,1426. 면목도시개발아파트 1동 앞,용마산,0.010647
936,1427. 용마산역 1번출구,용마산,0.074226
937,1428. 원묵고등학교,원묵고등학교,0.057807
938,1429. 장안중학교,마을금고,0.049933
939,1430. 중랑구청,중랑구청,0.091752
940,1431. 중랑구청 사거리,중랑구청사거리,0.065035
941,1433. 중화역 2번출구,중화,0.059047
942,1434. 홈플러스 면목동점,홈플러스면목동점,0.151422
943,1435. 능산삼거리,신내교회.신내데시앙아파트,0.15397
944,1436. 영풍마드레빌,신내초등학교,0.032208
945,1437. 늘푸른공원 앞,늘푸른근린공원,0.042794
946,1438. 홈플러스 신내점 앞,봉화산역3번출구,0.060089
947,1440. 하나은행 면목지점,하나은행면목지점,0.082825
948,1441. 신내능말공원,우디안아파트222동앞,0.026993
949,1643. 태릉입구역 8번출구,태릉입구역,0.060173
950,1646. 삼육대 입구,삼육대앞,0.047418
951,1650. 중계근린공원내,브라운스톤중계.우리은행앞,0.089918
952,1651. 맥도날드 상계점 앞,노일초교,0.044819
953,1652. 파르코 앞,홍파복지원미주아파트,0.0196
954,1653. 노원역1번출구,노원역1번출구,0.022679
955,1654. 당고개입구 오거리,상계3동파출소,0.030152
956,1655. 공릉1단지아파트,공릉1단지후문,0.053658
957,1656. 중앙하이츠 아파트 입구,상계중앙하이츠2단지,0.002992
958,1657. 노원구청 ,노원구청,0.026355
959,1659. 중계동 을지중학교,을지중학교,0.01419
960,1660. 서울시립과학관,중계주공9단지후문,0.164134
961,1661. 당현천근린공원,상명초등학교,0.277577
962,1662. 노원역7번출구,상계6동우체국,0.049886
963,1663. 동해문화예술관앞,광운대학교,0.057377
964,1664. 노해근린공원내,을지중학교,0.10255
965,1665. 양지근린공원앞,양지근린공원,0.01123
966,1666. 노원소방서인근,상계동주유소,0.193642
967,1667. 중계중학교,원광초등학교,0.208825
968,1668. 중계역 6번출구,어린이교통공원,0.056028
969,1669. 중계역 3번출구,중계역,0.062185
970,1670. 노원경찰서교차로,중계시영4단지,0.040382
971,1671. 인덕대학교,인덕대앞,0.022622
972,1673. 노원역 5번출구,7호선노원역,0.067777
973,1674. 서울북부고용센터앞,노원구청,0.039917
974,1675. 월계문화체육센터,인덕대학,0.108963
975,1677. 육군사관학교  앞,육군사관학교정문,0.046173
976,1678. 성서대학교 밀알관,백병원,0.145583
977,1679. 삼육대 도서관,담터고개,0.463925
978,1680. 삼육대 제3과학관,담터고개,0.326164
979,1681. 현대6차 아파트,노원우체국,0.050148
980,1682. 중계종합사회복지관 교차로,중계주공3단지,0.035076
981,1683. 노원문화예술회관,노원문화예술회관.불암초등학교,0.045676
982,1684. 태릉입구역 5번출구,태릉입구,0.058535
983,1685. 불암고등학교 앞 횡단보도,불암고등학교,0.035607
984,1686. 온수골사거리(스타벅스앞),임광아파트상가,0.052141
985,1688. 마들역 7번출구,마들역,0.016328
986,1689. 마들역 3번출구,마들,0.039278
987,1690. 도봉운전면허시험장,도봉면허시험장,0.047954
988,1691. 노원정보도서관,온곡중학교,0.031982
989,1692. 온곡초교 교차로,지에스마트,0.044182
990,1693. 원자력 병원,원자력병원,0.013886
991,1601. 석계역 문화광장 내 자전거 보관소,석계역,0.013636
992,1602. 광운대역 앞,광운대역,0.026318
993,1603. 롯데캐슬 102동 코너(월계주유소건너),장석교회,0.096468
994,1605. 헬스케어,월계헬스케어센터,0.007645
995,1606. 태릉입구역 3번출구 ,태릉입구역3번출구,0.029255
996,1608. 공릉역 1번 출구 앞,공릉역1번출구,0.004777
997,1610. 화랑대역 2번출구 앞,화랑대역2번출구,0.016972
998,1611. 과기대 입구(우),서울과학기술대앞,0.059743
999,1616. 하계2동 공항버스정류장 옆,하계역,0.005448
1000,1617. 하계동 중평어린이공원 앞,중평초등학교,0.162183
1001,1620. 중계동 노원구민체육센터 옆(중1-2),노원구민체육센터,0.093273
1002,1623. 노원 구민회관,노원구민회관,0.08312
1003,1625. 상계역(4번출구),상계역,0.058881
1004,1628. 노일초등학교 앞,노일초등학교,0.001615
1005,1630. 수연빌딩 앞,7호선수락산역,0.050161
1006,1634. 당고개공원 대여소,당고개,0.185653
1007,1635. 상계3.4동 주민센터 대여소,흥안운수상계4동종점,0.222304
1008,1636. 백병원 사거리 농협은행 앞,상계주공2단지,0.048975
1009,1637. KT 노원점 건물 앞,KT전화국,0.027213
1010,1639. 희성오피앙,수락산역,0.020058
1011,1640. 한내근린공원 북측,월계미륭아파트,0.037722
1012,1641. 한내근린공원 남측,월계미성아파트,0.008806
1013,1642. 서울여대 남문,태릉현대아파트,0.224923
1014,1839. 수출의 다리 아래,벽산디지털밸리,0.053774
1015,1840. 솔브레인이엔지 뒤편,삼성인쇄.TSC,0.070123
1016,1841. 가산동 주민센터,가산동주민센터.금천글로벌센터,0.042833
1017,1842. 한울중학교,삼익APT.금강APT,0.018076
1018,1843. 독산고등학교,독산고등학교,0.029226
1019,1845. 롯데캐슬골드파크1차 서문,롯데캐슬1차서문.해가든아파트,0.041494
1020,1846. 롯데캐슬골드파크1차 동문,롯데캐슬3차,0.031306
1021,1848. 벽산 디지털밸리 5차,벽산디지털밸리,0.03562
1022,1849. 대륭포스트타워5차,가산디지털단지역입구,0.014302
1023,1850. 코오롱테크노밸리,한신IT타워,0.027836
1024,1851. 가산디지털단지 7번출구,가산디지털단지역1호선앞,0.035674
1025,1852. 혜명양로원 담장 옆,탑동초등학교.청담종합사회복지관,0.058693
1026,1853. 서울디자인직업전문학교 앞,서울디지털디자인학교,0.01197
1027,1854. 가산아네스트 오피스텔 앞,가산초교,0.143018
1028,1855. 성지아파트 옆 도로변,시흥1동공영주차장.금천노인종합복지관,0.064076
1029,1856. 모두의학교,독산3치안센터,0.189572
1030,1857. 주공14단지,논골슈퍼,0.168289
1031,1858. 석수역1번출구 앞 (SK주유소),기아대교앞,0.076953
1032,1859. 대륭테크노타운 18차,에이스하이엔드10차,0.056268
1033,1804. 독산역 2번출구 자전거주차장,독산,0.04787
1034,1805. 서울디지털운동장 앞,디지털3단지운동장,0.01771
1035,1806. 에이스하이엔드타워9차 앞,에이스하이엔드타워5차,0.091727
1036,1808. 에이스하이엔드타워8차 앞,제일모직아울렛,0.144019
1037,1809. LG전자 별관동(호서대 벤처타워 맞은편),대륭테크노타운,0.185281
1038,1812. 갑을그레이트밸리 앞,패션단지,0.129318
1039,1814. 두산위브아파트 옆 상가건물 앞,구립가산도서관.두산위브아파트,0.031816
1040,1816. 금천폭포공원 앞,금천폭포공원,0.040501
1041,1819. 금천구청 앞 자전거거치대,금천구종합청사.금천구청역,0.044366
1042,1820. 신한은행 시흥대로금융센터지점,시흥유통상가,0.015864
1043,1821. 홈플러스 시흥점 맞은편 다비치안경 앞,문일고입구,0.055249
1044,1822. 서울 시흥동우체국 앞,시흥사거리,0.010007
1045,1823. 상신정비공업 앞,금천구청,0.041334
1046,1824. 독산근린공원 입구,독산근린공원,0.059993
1047,1825. 한신아파트 앞 육교 아래,금천육교앞,0.004292
1048,1826. 한신코아 앞,독산1동한신코아,0.018403
1049,1827. 독산보도육교 앞 자전거 보관소,금천구청,0.078082
1050,1828. 한양수자인아파트 앞,문성초등학교,0.020246
1051,1829. 홈플러스 금천점 앞,홈플러스금천점,0.04964
1052,1830. 빅마켓 금천점 앞,빅마켓,0.037288
1053,1831. 메이퀸웨딩컨벤션 앞,독산사거리앞,0.010415
1054,1833. 독산역 1번출구 앞 자전거보관소,독산역,0.068412
1055,1834. 월드메르디앙 벤처센터 2차,디지털3단지.월드벤쳐센터,0.026352
1056,1835. STX V타워,벽산디지털밸리,0.090798
1057,1836. 금천구립 독산도서관,구립독산도서관,0.028821
1058,1956. 도야미리숯불갈비 앞,동아1차APT105동,0.022
1059,1957. 구일고등학교 정문 ,구일초등학교.구일고등학교,0.044689
1060,1958. 강서수도사업소민원센터,구로구청,0.017746
1061,1959. 구로구의회 앞,국민은행.구로구민회관.구로아트밸리,0.071032
1062,1960. 화광신문사 앞,한국SGI,0.055375
1063,1961. 신도림테크노근린공원,신도림,0.05894
1064,1962. 가리봉동주민센터,만민중앙교회,0.017959
1065,1964. 원메디타운 앞,123전자타운.2001아울렛,0.210531
1066,1965. 삼환로즈빌아파트 105동 옆,개봉역.영화아파트,0.133621
1067,1966. 한마을아파트 정문상가,개봉역.한마을아파트,0.092116
1068,1967. 참새공원(백곡경노당),삼원목욕탕,0.170146
1069,1968. 동인오피스텔 건너편 소공원,큰굴다리,0.09372
1070,1969. 궁동생태공원,서서울생활과학고.서울전파관리소,0.037351
1071,1971. 오정초교 앞 보도육교,동진빌라.오정초등학교,0.093421
1072,1973. 오리로와 서해안도로 교차로 앞,오남중학교.삼미주택,0.038544
1073,1974. 신도림2차e편한세상아파트 203동 앞,구로역,0.051214
1074,1975. 대림역 1번 출입구 밑,대림역,0.092434
1075,1976. 남구로역 5번 출입구 앞,남구로역,0.045231
1076,1977. 천왕역 1번 출입구 앞,천왕역,0.012063
1077,1979. 구로1동우체국 앞,구로1동우체국,0.09892
1078,1981. 천왕이펜하우스5단지 앞,천왕이펜하우스5단지입구,0.04568
1079,1983. 구로동롯데아파트,롯데아파트,0.080792
1080,1984. 구로구청,구로구청,0.067303
1081,1985. 구로도서관,구로고.구로도서관,0.099669
1082,1986. 태평양물산빌딩,KEB하나은행,0.059732
1083,1987. 개봉아이파크아파트 앞,현대IPARK정문,0.078067
1084,1988. 고척LIGA아파트 앞,리가아파트,0.011431
1085,1991. 오류동역 맞은편,오류1동주민센터,0.037552
1086,1992. 구로구배드민턴실내체육관 앞,서울가든빌라앞,0.071202
1087,1993. 금강수목원아파트 앞,금강수목원아파트,0.012766
1088,1994. 삼성전자 물류센터 앞,구일,0.091319
1089,1996. 구일역 1번 출입구 앞,1호선구일역,0.108434
1090,1998. 고척교 교차로,구일,0.211266
1091,1999. 수궁동 성당 주변,수궁동주민센터,0.069835
1092,2000. 신도림4차 e편한세상 아파트 1109동 앞,신도림4차e편한세상,0.081873
1093,2801. 에이스트윈타워1차,KEB하나은행,0.03376
1094,281. 신동아아파트 앞,영림중학교,0.216381
1095,1901. 신도림동주민센터 앞,대림5차아파트702동,0.018451
1096,1904. 도림천역 1번 출구 앞,도림천,0.010725
1097,1906. 신도림역 1번 출구 앞,신도림역,0.059851
1098,1907. 구일우성(아) 육교 밑,구일우성아파트,0.02839
1099,1908. 해원리바파크 육교 밑,1호선구일역,0.008845
1100,1910. 낙원교회 맞은편,구로변전소.구로초등학교,0.04119
1101,1911. 구로디지털단지역 앞,구로디지털단지,0.036867
1102,1912. 한신휴아파트 앞,구로두산아파트,0.052273
1103,1913. 구로리공원,동구로새마을금고,0.037159
1104,1914. 대림역4번출구,2.7호선대림역,0.033735
1105,1916. 구로중학교앞,구로구청,0.081641
1106,1920. 서울미래초등학교 사거리,서울미래초등학교,0.129809
1107,1924. 삼부르네상스파크빌,연희미용고등학교,0.025308
1108,1925. 동양미래대학교 정문 옆,동양미래대학.구로성심병원,0.038678
1109,1928. 고척스카이돔구장 광장,동양미래대학.구로성심병원,0.040061
1110,1929. 고척근린공원 고척도서관 앞,고척근린공원,0.173085
1111,1930. 개봉지구대 개봉치안센터,경인중학교.개봉사거리,0.136469
1112,1931. 개봉역(북측광장),개봉역,0.011845
1113,1933. 개봉푸르지오아파트 상가,거성푸르뫼아파트입구,0.051316
1114,1936. 개봉역 1번 출구 자전거보관서쪽,개봉,0.05863
1115,1937. 한진아파트 입구,개봉한진아파트.기점,0.005899
1116,1941. 오류동역 2번출구,오류동역2번출구,0.040466
1117,1943. 온수역 북측,온수역,0.01098
1118,1946. 구로역 광장,구로공구상가,0.076689
1119,1951. 천왕이펜하우스 4단지 상가 앞,천왕이펜하우스4단지,0.118806
1120,1952. 천왕연지타운2단지 앞,연지타운2단지,0.04383
1121,1953. 천왕역 4번출구 뒤,천왕역,0.033639
1122,1955. 디지털입구 교차로,구로디지털단지입구,0.034796
1123,2058. 노량진동 맥도널드앞,노량진역,0.024766
1124,2059. 보라매공원 정문,보라매공원입구,0.024863
1125,2060. 남성역3번출구 뒤,남성,0.026728
1126,2061. 한강 현대아파트 건너편,비계,0.080368
1127,2062. 사당새마을금고,사당중학교,0.02945
1128,2064. 흑석한강푸르지오 106동앞,흑석한강푸르지오,0.034464
1129,2065. 서울시여성가족재단,대방역,0.09213
1130,2066. 양문교회 앞,신대방1동경남아파트,0.071243
1131,2067. LG전자 베스트샾 대리점 앞,보라매역.동작세무서,0.048071
1132,2068. 총신대 앞(육교),총신대,0.045599
1133,2069. 숭실대 입구역3번 출구 앞,숭실대입구역3번출구,0.009861
1134,2070. 노량진역 2번 출구 앞,노량진역,0.025771
1135,2071. 대림아파트 후문 상가 옆,대림아파트후문,0.034273
1136,237. 보라매 두산위브 건너편,대방중학교,0.110789
1137,2002. 노들역 1번출구,노들역앞,0.049799
1138,2003. 사육신공원앞,사육신공원,0.008741
1139,2007. 유한양행앞,KT동작전화국,0.069227
1140,2008. 노량진근린공원 대방공원,대방동주공아파트,0.079752
1141,2009. 보라매역 8번출구,서울공업고등학교,0.045066
1142,2012. 녹십초요양병원앞,신대방성원상떼빌,0.078367
1143,2013. 장승배기역 5번출구,7호선장승배기역5번출구,0.090574
1144,2015. 신대방삼거리역 6번출구쪽,상도3동주민센터,0.048631
1145,2016. 신대방삼거리역 3번출구쪽,7호선신대방삼거리역4번출구,0.036709
1146,2020. 장승배기역2번출구뒷편쪽,7호선장승배기역.상도2치안센터,0.034585
1147,2024. 상도역 1번출구,상도역1번출구,0.055674
1148,2025. 흑석역 1번출구,흑석,0.0682
1149,2026. 흑석역 4번출구,흑석,0.027819
1150,2027. 중앙대학교 정문,중앙대정문,0.024459
1151,2033. 사당동 아르테스 웨딩앞,농협.아르테스웨딩,0.07844
1152,2034. 사당역 7번출구쪽,사당역9번출구앞,0.091427
1153,2036. 정금마을 마을버스정류장,정금마을,0.046572
1154,2037. 동작역 5번출구 동작주차공원,동작역.국립현충원,0.034537
1155,2038. 동작역 7번출구,동작역.국립현충원,0.049841
1156,2040. 비계 버스정류소,비계,0.044485
1157,2041. 사당중학교 버스정류소,사당중학교,0.024843
1158,2048. 삼일초등학교 인근,국민은행.원일세차장,0.128467
1159,2050. 노량진역 5번출구,9호선노량진역.동작구청,0.027862
1160,2054. 삼익아파트,강남교회.오거리,0.030847
1161,2056. 동작구민 체육센터,동작구민체육센터.기상청,0.058486
1162,2057. 상도 아이파크 아파트,현대아이파크,0.013047
1163,2266. 서초역 3번출구,서초역,0.0397
1164,2268. 서초4동주민센터 ,삼호아파트,0.065085
1165,2269. 주홍교 하부,논현사거리.논현역5번출구,0.293915
1166,2270. 서초포레스타 7단지,청계산입구역,0.154616
1167,2271. 내방역 8번출구 앞,제일병원,0.045117
1168,2272. 교대입구 교차로,서초유스센터,0.131507
1169,2273. 일동제약 사거리,교육개발원입구,0.04327
1170,2274. 양재시민의숲역 3번출구,양재2동주민센터.양재꽃시장,0.014884
1171,2275. 염곡치안센터 건너편,내곡동주민센터,0.01613
1172,2276. 영동1교 (양재천근린공원),언남고교,0.123046
1173,2277. 길마중4교 하부,신동중학교,0.198051
1174,2279. 교대역 5번출구뒤,교대,0.024302
1175,2280. 서울서초고용센터앞,서초아트자이아파트,0.112037
1176,2281. 연세사랑병원신관앞,연세사랑병원,0.034457
1177,2282. 방배래미안아트힐 101동앞,방배동래미안아트힐.국립국악원,0.024683
1178,2283. 그룹한빌딩옆,방배동고개,0.035912
1179,2284. CJ오쇼핑앞,전원마을.남태령역2번출구,0.318901
1180,2285. LH서초3단지 301동 맞은편,LH3.4단지,0.062694
1181,2286. 탑성마을입구,탑성마을,0.052027
1182,2287. 능안마을입구,서초더샵포레,0.273857
1183,2288. 안골마을입구,안골마을,0.065206
1184,2289. 남태령역 2번출구,남태령,0.071608
1185,2290. 서래마을파리15구공원앞,서래마을입구,0.090355
1186,2292. 무지개아파트 앞,서초동무지개아파트,0.040528
1187,2294. 두상빌딩 앞,동원산업,0.104304
1188,2297. 남부터미널역 1번출구,남부터미널,0.076831
1189,2298. 래미안서초스위트앞,삼호아파트,0.049833
1190,2299. 한전아트센터 앞,구.영동중학교후문,0.084971
1191,2501. 서초 포레스타5단지,서초포레스타5단지정문,0.108426
1192,2502. 서초역1번출구 앞,서초역,0.013214
1193,2503. 반포1동 서초빌딩 앞,반포1동성당,0.067451
1194,2504. 신사역 4번출구 뒤,신사역,0.068941
1195,2505. 우성아파트사거리 (기업은행앞),수협서초지점,0.031484
1196,2506. LG유플러스 (방배사옥),백산빌딩,0.032134
1197,2508. 양재이스타빌 앞,양재노인종합복지관,0.040635
1198,2510. JW타워,서울시인재개발원,0.046337
1199,2511. 이수역 6번출구 앞,이수역,0.149276
1200,2201. 본마을 정류소 앞,본마을,0.0063
1201,2202.청계산입구역 1번출구,청계산입구역,0.045508
1202,2203. 청계산입구역 2번출구,청계산입구,0.075895
1203,2205. 내곡3단지 어린이공원 앞,서초포레스타3단지후문,0.021319
1204,2206. 언남초등학교 앞,언남초등학교,0.045268
1205,2207. 내곡파출소 뒤 정자,서초더샵포레,0.060761
1206,2210. 반포1동 주민센터 앞,사평역,0.091628
1207,2211. 서초구립반포도서관 앞,서초구립반포도서관.반포리체,0.016271
1208,2212.서초현대4차아파트 201동 맞은편,현대4차아파트,0.043765
1209,2213. 고속터미널역 5번출구 앞,팔래스호텔,0.129711
1210,2214. 신반포역 2번출구 앞,반포2동주민센터,0.048375
1211,2215. 반포종합운동장 입구,삼성래미안,0.10716
1212,2217.아크로리버뷰 부지 앞,잠원성당,0.10064
1213,"2219. 고속터미널역 8-1번, 8-2번 출구 사이",강남고속버스터미널,0.014599
1214,2220. 반포본동 주민센터 앞,구반포,0.132924
1215,2221.하나은행 방배동지점 앞,방일초교,0.03487
1216,2222.사당역 12번출구 뒤,사당역12번출구,0.026351
1217,2223. 방배래미안 정문 앞,사당역,0.217581
1218,2225.백석예술대학교 제3캠퍼스 앞,성뒤마을.교육연수원,0.054332
1219,2226. 신동아럭스빌아파트 앞,방배동경남아파트,0.051448
1220,2227.방배열린문화센터 앞,방배열린문화센터.가야치과병원,0.032283
1221,2228.뒷벌공원 옆,노인정,0.049766
1222,2229.로고스교회 맞은 편,서문여고,0.047124
1223,2230.이수역 4번 출구,이수역4번출구,0.035547
1224,2231. 삼성타운(삼성생명) A동 맞은편,롯데칠성,0.089497
1225,2233. 서초신동아1차아파트 옆,창신교회앞,0.155653
1226,2235.KT 서초지사 앞,신동아아파트앞,0.073588
1227,2237.서울남부터미널 대합실 입구,남부터미널.BC카드앞,0.047292
1228,2239.교대역 6번출구,교대역6번출구,0.006602
1229,2241.양재전화국 사거리,원불교앞,0.210075
1230,2242.양재역 11번 출구 앞,양재역.환승주차장,0.028921
1231,2243.서울가정법원,양재역.서초문화예술회관,0.049176
1232,2244.교육개발원입구 교차로,교육개발원입구,0.013964
1233,2245.양재초등학교 맞은편,KT삼거리,0.160586
1234,2246. 서울시 품질시험소 앞,KT연구개발센터,0.173542
1235,2247.섬들근린공원,네이처힐5단지,0.242821
1236,2248. 서초리슈빌S 글로벌 앞,LH서초아파트,0.055121
1237,2249. 우솔초등학교 맞은편,서초힐스아파트,0.011962
1238,2250. 서초유치원 맞은편,서초힐스아파트,0.102118
1239,2251. 더케이호텔 입구(양재2) ,더케이호텔정문,0.026441
1240,2252. 하이브랜드 앞,잔디마을,0.075098
1241,2255.시민의숲역 1번출구 옆,AT센터,0.048408
1242,2256.양재동 꽃시장 입구,AT센터.양재꽃시장,0.128914
1243,2257. 하나로클럽 양재점 맞은편,하나로마트.코트라,0.195083
1244,2258.구룡사 삼거리,구룡사입구,0.021751
1245,2259. 잠원역 3번-4번 출구사이 ,잠원역,0.025503
1246,2262. 한신16차아파트 119동 앞,잠원한신아파트,0.040107
1247,2263. 바우뫼문화복지회관,코오롱아파트,0.105212
1248,2264. 이수역 1번출구,총신대입구역.남성시장입구앞,0.115605
1249,2265. 이수고가차도 남단,남부시장,0.27188
1250,300. 정동사거리,서대문역사거리.농협중앙회,0.172617
1251,310. 청계광장 옆,서울신문사,0.057879
1252,311. 서울광장 옆,시청앞.덕수궁,0.071482
1253,312. 시청역 1번출구 뒤,시청,0.033052
1254,313. 서울역 광장 파출소 옆,서울역,0.11956
1255,318. 광교사거리 남측,청계1가.광교,0.095063
1256,320. 을지로입구역 4번출구 앞,을지로입구,0.088866
1257,321. KEB 하나금융그룹 명동사옥 옆,을지로입구.로얄호텔,0.119703
1258,322. 명동성당 앞,남대문세무서.서울백병원,0.075133
1259,324. 신세계백화점 본점 앞,남대문시장,0.034306
1260,330. 청계천 한빛광장,청계1가.광교,0.12399
1261,331. 을지로2가 사거리 북측,을지로2가.기업은행본점.서울노동청,0.062191
1262,332. 을지로2가 사거리 남측,을지로2가.파인에비뉴,0.09148
1263,336. 티마크 호텔 앞,초동,0.084416
1264,346. 맥스타일 앞,청계6가.오간수교,0.081746
1265,347. 동대문역사문화공원역 9번출구 앞,동대문역사문화공원,0.021927
1266,3527. 왕십리 자이아파트,금호베스트빌.삼성래미안아파트,0.035052
1267,370. 시청역(2호선) 9번출구 뒤,서소문,0.005004
1268,371. 동대입구역 6번출구 뒤,동대입구,0.020739
1269,372. 약수역 3번출구 뒤,약수,0.048415
1270,373. 청구 어린이공원,약수역3번출구.약수하이츠,0.219054
1271,374. 청구역 2번출구 앞,청구,0.033558
1272,375. 다산 어린이공원,신당역.중앙시장앞,0.217931
1273,378. 청계7가 사거리,성동공업고등학교앞,0.143069
1274,379. 서울역9번출구,서울역버스환승센터,0.061127
1275,380. CJ제일제당 앞,퇴계로6가,0.061334
1276,381. 장충체육관,장충체육관앞,0.070485
1277,382. 약수역 10번출구 앞,약수,0.10939
1278,383. 신당역 12번 출구 뒤,신당,0.125931
1279,384. 종로학원본원 ,한국경제신문사,0.098071
1280,387. 훈련원공원주차장 앞,아카시아호텔.웨스턴코업레지던스,0.049228
1281,398. 을지로3가역 3번출구,을지로3가,0.055161
1282,399. 서울역 센트럴 자이아파트,손기정체육공원입구,0.082053
1283,428. 명보사거리,초동,0.18897
1284,429. 송도병원,송도병원앞,0.037801
1285,430. KEB하나은행 장충동지점,써미트호텔,0.05268
1286,431. 청계천 영도교,청계8가.영도교,0.067624
1287,433. 을지로입구역 2번출구,을지로입구,0.046681
1288,434. 신당 레미안 버스정류장,금호베스트빌.삼성래미안아파트,0.019601
1289,435. SK 남산빌딩,힐튼호텔,0.102609
1290,389. 을지로4가역 1번출구,을지로4가,0.035416
1291,390. 충무로역 1번출구,충무로역.호텔피제이,0.040722
1292,391. 정동길입구,서소문KAL빌딩,0.249423
1293,3506. 영동대교 북단,영동대교북단,0.031876
1294,3507. 어린이회관,건대앞,0.068721
1295,3508. 화양사거리,화양사거리,0.072134
1296,3509. 세종사이버대학교,세종초등학교.세종사이버대학교앞,0.004031
1297,3510. 중곡SK아파트앞,용곡삼거리,0.060163
1298,3517. 용마사거리,용마사거리,0.044212
1299,3518. 군자역 7번출구뒤,군자,0.045695
1300,3520. 광진경찰서,광진경찰서앞,0.03061
1301,3521. 현대홈타운 뒷길,청구아파트앞,0.042843
1302,3523. 건국대학교 과학관(이과대) 앞,광진경찰서,0.311608
1303,3524. 세종대학교,어린이대공원앞.세종대학교,0.152735
1304,3528. 광진정보도서관,정보도서관,0.03902
1305,3529. 어린이대공원정문,세종대학교,0.011688
1306,3533. 건대입구역 사거리(롯데백화점),광진구의회,0.015737
1307,3534. 건대입구역 5번출구 뒤,건대입구,0.103918
1308,3535. 중곡사거리(국민은행),중곡보건지소,0.056893
1309,3536. 중앙농협(자양동),국민은행자양지점앞,0.031096
1310,3537. 아차산 휴먼시아 아파트 옆,새밭교회앞,0.065471
1311,3541. 커먼그라운드,건대입구역,0.119047
1312,3542. 래미안 구의파크 스위트,구의시장삼거리,0.080624
1313,503. 더샵스타시티 C동 앞,건국대학교앞,0.227676
1314,504. 신자초교입구교차로,자양종합복지관앞,0.07903
1315,505. 자양사거리 광진아크로텔 앞,자양사거리,0.03441
1316,515. 광양중학교 앞,자양동잠실대교북단,0.226403
1317,516. 광진메디칼 앞,화양사거리,0.060841
1318,539. 군자교교차로,군자교입구,0.127064
1319,540. 군자역 7번출구 베스트샵 앞,능동사거리.군자역,0.035947
1320,542. 강변역 4번출구 뒤,강변,0.044674
1321,543. 구의공원(테크노마트 앞),강변역.테크노마트앞,0.049898
1322,544. 광남중학교,광남고.삼성아파트,0.188497
1323,546. 잠실대교북단 교차로,자양아파트앞,0.053186
1324,548. 자양나들목,신자초등학교앞,0.067902
1325,549. 아차산역 3번출구,어린이대공원후문아차산역,0.0392
1326,551. 구의삼성쉐르빌 앞,현대아파트앞,0.057183
1327,552. 대림아크로리버 앞,강변역A,0.077078
1328,553. 중곡 성원APT 앞,면곡시장,0.110289
1329,555. 구의3동주민센터,광진우체국,0.156602
1330,571. 어린이대공원역6번출구,어린이대공원,0.05425
1331,572. 국립정신 건강센터 앞,중곡4동파출소,0.02341
1332,573. 구의문주차장 앞,구의사거리.광진소방서앞,0.035696
1333,574. 아차산역4번출구,어린이대공원후문아차산역,0.067813
1334,575. 중앙농협 중곡지점,대원고교앞,0.010765
1335,576. 광나루역 3번 출구,광나루,0.080663
1336,577. 광진청소년수련관,신동아아파트,0.0835
1337,584. 광진광장 교통섬,화양리,0.114128
1338,3500. 군자역2번출구,군자역,0.046683
1339,3501. 광진구청 앞,광진구청,0.073261
1340,3502. 중곡역 1번출구,중곡,0.029371
1341,3503. 광진유진스웰,신성미소시티,0.082394
1342,3504. 원일교회,송림식당앞,0.13653
1343,3505. 신양초교앞 교차로,신양초등학교앞,0.048579
1344,500. 어린이대공원역 3번출구 앞,어린이대공원역.화양천주교회,0.075565
1345,501. 광진구의회 앞,건대역,0.140461
1346,502. 뚝섬유원지역 1번출구 앞,자양4동차고지,0.044061
1347,588. 뚝섬 유원지역,자양4동차고지,0.087788
1348,590. 건국대학교 (입학정보관),건국대학교앞,0.196916
1349,591. 건국대학교 (행정관),건대입구역,0.297306
1350,592. 건국대학교 학생회관,동아자동차운전학원앞,0.398237
1351,593.자양중앙나들목,신자초등학교앞,0.320987
1352,3516. 구의아리수정수센터앞,올림픽대교북단사거리,0.034807
1353,600. 휘경2동 주민센터,휘경2동주민센터,0.103341
1354,601. 용신동주민센터,동대문구청.용신동주민센터,0.075121
1355,602. 장안동 사거리,장안사거리,0.08754
1356,604. 답십리초등학교 옆 공원,답십리1동희망샘교회앞,0.139609
1357,605. 신설동역8번출구,신설동역.서울풍물시장,0.073343
1358,606. 휘경공고앞,휘경공고.휘경주공아파트,0.017808
1359,607. 신이문역 2번출구,신이문역,0.007822
1360,608. 전농삼성아파트,서울시립대학교앞,0.196259
1361,609. 제기2교,제기동한신아파트앞,0.051009
1362,610. 동대문중 교차로,동대문구답십리도서관앞,0.116072
1363,612. 시립동부병원 앞 사거리,서울시동부병원,0.03168
1364,613. 신설동역 10번출구 앞,신설동역,0.069934
1365,614. 용두동 사거리,용두동사거리,0.092121
1366,615. 용두동 레미안허브리츠아파트 앞,제기동,0.191971
1367,616. 서울시립대 앞,서울시립대학교앞,0.039984
1368,617. 청솔우성아파트 앞,청솔우성아파트.답십리시장,0.028715
1369,621. 동대문중학교 옆,동대문중학교,0.024234
1370,622. 전농사거리 교통섬,전농로터리시장,0.088023
1371,623. 서울시립대 정문 앞,시립대입구,0.038432
1372,624. 전농동 동아아파트 앞,동아아파트,0.027968
1373,625. 답십리초등학교 앞(현대시장 옆),답십리초등학교.현대시장,0.021132
1374,626. 군자교 서측 녹지대,파라브아파트,0.296877
1375,627. 장안동삼거리 교통섬,장안동근린공원,0.066647
1376,628. 휘봉고등학교 앞,동일스위트리버앞.휘봉고교,0.041862
1377,630. 동대문구 보건소,동대문구청,0.157138
1378,631. 답십리역 1번출구,농협답십리역지점,0.058622
1379,633. 청량리 기업은행 앞,청량리역환승센타,0.053682
1380,634. 외국어대 정문 앞,외대앞,0.047774
1381,635. 시조사 앞 (청량고정문 옆),떡전교사거리.동대문노인복지관,0.127347
1382,636. 세종대왕기념관 교차로,세종대왕기념관,0.048695
1383,637. KAIST 경영대학 앞,한국과학기술원.홍릉초등학교,0.025306
1384,638. 서울시립대 정보기술관,전농동SK아파트,0.547578
1385,639. 서울시립대 후문,삼육서울병원,0.494945
1386,640. KEB하나은행 청량리역지점,현대코아,0.078801
1387,641. 용두역 4번출구,동대문구청,0.038571
1388,642. 신답역 사거리,신답역,0.083001
1389,643. 동대문구민체육센터 (육교아래),구민회관앞,0.054215
1390,646. 장한평역 1번출구 (국민은행앞),장한평역,0.112966
1391,647. 신이문역 1번출구,신이문역,0.058574
1392,648. 장안동위더스빌옆,동아.위더스빌아파트,0.014581
1393,650. 중랑교사거리,중랑교,0.018669
1394,651. 우리은행청량리지점앞,청량리미주아파트.동대문세무서,0.010844
1395,652. 답십리 래미안엘파인아파트 입구,전곡시장앞,0.181609
1396,654. 전농동 텃골공원,신성미소지움아파트,0.227381
1397,656. 영휘원 교차로,영휘원사거리.(구)홍릉사거리,0.102023
1398,657. 동대문롯데캐슬아파트 앞,전농1동치안센터,0.077392
1399,658. 촬영소 사거리,촬영소사거리.세양청마루아파트앞,0.062374
1400,660. 동의보감타워,제기동역.서울약령시,0.015544
1401,661. 경희대학교 청운관,경희대의료원,0.064842
1402,663. 외대앞역 4번출구,외대앞역,0.073939
1403,800. 목월공원 앞,원효로풍전아파트,0.021412
1404,802. 한강진역 2번 출구 앞,한강진역.블루스퀘어,0.032258
1405,803. 한남초교 앞 보도육교,순천향대학병원,0.237278
1406,805. 문배어린이공원 앞,용산등기소,0.03061
1407,806. 전자랜드 본관 앞,용산전자상가10동,0.111282
1408,807. 서울역 12번 출구 앞,갈월동,0.149806
1409,808. 서빙고동 금호맨션 앞,서빙고역교차로,0.032463
1410,809. 한남 유수지 복개주차장,한남역,0.053649
1411,810. 이태원지하보도,한신아파트,0.0637
1412,811. 녹사평역1번출구,녹사평역,0.005223
1413,812. 용산전쟁기념관,전쟁기념관,0.053465
1414,813. 삼각지역 3번출구,삼각지역,0.138328
1415,815. LIG강촌아파트 103동앞,이촌동점보아파트,0.043331
1416,816. 신용산역 6번출구 앞,신용산역,0.072231
1417,817. 삼각지역 4번출구 앞,삼각지역,0.17902
1418,818. 숙명여대 입구 교차로,숙명여대입구,0.023049
1419,819. 선린인터넷 고등학교,남영역,0.07306
1420,820. 청파동입구 교차로,갑을빌딩,0.011224
1421,822. 이촌1동 마을공원,이촌동두산위브트레지움,0.073543
1422,823. 효창동주민센터 앞,효창운동장.효창동주민센터,0.020997
1423,825. 서빙고동 주민센터 앞,서빙고동주민센터,0.045724
1424,827. 국군복지단,큰빛의집앞,0.350172
1425,828. 숙대입구역 8번,숙대입구역,0.041299
1426,829. 베르가모앞,이촌2동강변아파트,0.178466
1427,830. 청암자이아파트앞,청암동강변삼성아파트,0.035771
1428,831. 이태원관광특구입구,용산구청.이태원시장,0.120978
1429,832. 이촌1동 주민센터 뒤,이촌역,0.121177
1430,834. 효창공원앞역 3번출구 뒤,효창공원앞,0.028086
1431,835. 남영역 건너편,남영역,0.026115
1432,836. 현대자동차서비스 앞,현대자동차써비스,0.190566
1433,837. 한남나들목 입구,한남동하이페리온,0.170655
1434,838. 숙대입구역 4번출구,숙대입구,0.027362
1435,839. 보광동 삼성리버빌아파트 앞,보광신동아아파트삼성리버빌아파트,0.095679
1436,840. 용산 파크타워 앞,용산세무서,0.010564
1437,841. 신용산역 1번 출구,신용산,0.099286
1438,843. 녹사평역 광장,용산구청.이태원시장,0.113104
1439,844. 이촌2동 동원베네스트 아파트 앞,이촌2동주민센터,0.065771
1440,845. 용산 선인상가,신용산.지하차도,0.037442
1441,846. 용산중학교,후암동우리은행앞,0.009924
1442,826. 서울역 서부교차로2,손기정체육공원,0.23413
1443,1150. 송정역 1번출구,송정역,0.042641
1444,1151. 마곡역1번출구,마곡,0.174768
1445,1152. 마곡역교차로,마곡역,0.124893
1446,"1153. 발산역 1번, 9번 인근 대여소",발산역9번출구,0.047028
1447,1155. 기쁜우리복지관,한보구암마을아파트,0.060101
1448,1157. 강서구청,강서구청후문,0.046114
1449,1158. 가양역 8번출구,가양,0.050558
1450,1159. 서서울모터리움앞,강서한강자이아파트,0.146111
1451,1160. 양천향교역 7번출구앞,양천향교,0.086816
1452,1161. 강서면허시험장앞,강서면허시험장.메이필드호텔,0.01489
1453,1162. 공항초등학교건너편,강서세무서.공항초교,0.0252
1454,1163. 방화동강서기동대앞,마곡중학교정문,0.172225
1455,1165. 마곡중학교 후문,길훈아파트,0.075923
1456,1166. 강서구립등빛도서관,등촌3동주공4단지아파트,0.054097
1457,1167. 마곡수명산파크3단지 교차로,수명산파크상가,0.022477
1458,1168. 마곡엠밸리10단지 앞,공항초등학교.공항중학교,0.178653
1459,1169. 염창역 1번 출구,염창역,0.065731
1460,1170. 강서구보건소 (삼성디지털 프라자),등촌역.강서보건소,0.023141
1461,1171. 염창동 새마을금고 건너편 (모닝글로리),기업은행,0.023302
1462,1172. 가양3동 주민센터,가양3동주민센터,0.023727
1463,1173. 강서구청사거리(SH타워),하이웨이주유소,0.097615
1464,1174. 강서구청사거리(부민병원),KBS스포츠월드,0.08906
1465,1175. 대한항공 인력개발센터,하이웨이주유소.KC대학교,0.146709
1466,1177. 수명중․고교,수명중.고등학교,0.043753
1467,1178. 개화산역 2번 출구,개화산,0.008106
1468,1180. 마곡엠밸리 15단지(1502동) 건너편,마곡엠밸리15단지아파트,0.262477
1469,1181. 농수산식품공사 (강서지사),강서면허시험장,0.090421
1470,1182. KBS 스포츠월드,KBS스포츠월드,0.037771
1471,1183. KC 대학교,KC대학교,0.220061
1472,1184. 마곡13단지,송정중학교후문,0.214986
1473,1185. 등촌9단지,등촌동주공9단지,0.024814
1474,1186. 송정중학교,송정중학교후문,0.025061
1475,1187. 강서수산물도매시장,강서농수산물도매시장,0.057813
1476,1188. 롯데중앙연구소,롯데R&D센터,0.152067
1477,1190. 마곡역 교차로(2번출구),마곡역2번출구,0.075745
1478,1192. 마곡수명산파크 209동 건너편,마곡수명산파크2단지,0.076066
1479,1193. 마곡센트럴타워 1차,마곡동로사거리,0.022682
1480,1194. 센서텍㈜,서울호서전문학교.등촌주공3단지아파트,0.238319
1481,1195. 코오롱One&Only타워,서울호서전문학교.등촌주공3단지아파트,0.476297
1482,1196. 서울식물원(문화센터) 건너편,겸재정선미술관,0.270554
1483,1197. 엘펠리체 호텔 건너편,발산역9번출구,0.172766
1484,1198. LG 사이언스파크,마곡역,0.039022
1485,1199. 우장산역 3번출구,화곡중고등학교,0.071179
1486,1200. 개화광역환승센터,개화검문소,0.072206
1487,2701. 마곡나루역 5번출구 뒤편,마곡나루역,0.140064
1488,2702. 마곡 엠밸리2단지,마곡중학교정문,0.102375
1489,1101. 개화동상사마을종점 버스정류장,상사마을,0.032813
1490,1102. 방화사거리 마을버스 버스정류장,방신시장,0.018705
1491,1103. 방화역 4번출구앞,방화역,0.037232
1492,1105. 방화근린공원,방화3동주민센터.국립국어원,0.286933
1493,1106. 신방화사거리,신방화사거리,0.029546
1494,1108. 공항시장역 1번출구,공항시장,0.050155
1495,1109. 공항시장역 4번출구,공항시장,0.045356
1496,1110. 공항중학교앞,공항중학교,0.052446
1497,1111. 마곡엠밸리6_7단지 마곡중학교,마곡엠밸리6.7단지.마곡중학교,0.020312
1498,1112. 마곡엠밸리4단지 정문,마곡엠밸리4단지,0.043449
1499,1113. 서남환경공원 버스정류장,서남환경공원,0.024072
1500,1114. 서남물재생센터 버스정류장,서남물재생센터,0.090761
1501,1115. 등촌역 1번출구옆,백석초등학교.한국정보화진흥원,0.244104
1502,1117. 스타벅스앞,등촌주공5단지아파트,0.031646
1503,1118. 증미역 3번출구뒤(등촌두산위브센티움오피스텔),강서소방서.이마트.증미역,0.034447
1504,1119. 염창동 한마음아파트앞(염창동 빛나는 음악학원앞),태영송화아파트,0.042111
1505,1120. 대림경동아파트앞,가양도시개발4단지아파트,0.079921
1506,1121. 가양레포츠센터앞,가양도시개발9단지.세현고등학교,0.054568
1507,1122. 황금내근린공원,가양7단지상가앞,0.215423
1508,1124. 발산역 6번출구옆(다이소앞),발산역7번출구,0.041844
1509,1125. 명덕고교입구(영종빌딩),명덕고등학교.웰튼병원,0.005581
1510,1126. 우장산역 1번출구옆(우장산아이파크105동앞),우장산,0.026649
1511,1127. 화곡역(에이스정형외과앞) 버스정류장,화곡역.에이스정형외과앞,0.027704
1512,1128. 화곡역 6번출구,화곡,0.023678
1513,1129. 화곡역 1번 출구 앞,참병원,0.065196
1514,1130. 화곡본동시장 버스정류장,평화약국,0.013114
1515,1131. 꿈돌이공원 앞,제일성심병원,0.035839
1516,1132. 등촌역 7번출구,영일고등학교.강서도서관,0.237395
1517,1135. 강서구의회,강서구의회,0.153882
1518,1136. 등촌2파출소,아이파크아파트.백석중학교.실로암안과,0.041533
1519,1137. 등촌2동주민센터,등촌2동주민센터.등촌동대림아파트,0.060919
1520,1139. 용문사 버스정류장,용문사.시립화곡청소년수련관,0.037109
1521,1140. 목동사거리 버스정류장,목동사거리,0.026056
1522,1141. 곰달래 문화복지센터 1-1,화곡전화국,0.070367
1523,1145. 곰달래 문화복지센터 1-2,화곡전화국,0.058302
1524,1146. 곰달래사거리,신월동기점,0.058277
1525,1148. 볏골공원,본동시장,0.158968
1526,1149. 신방화역환승주차장,신방화역5번출구,0.074406
1527,1191. 마곡역 교차로(NH농협),마곡역,0.068093
